Timestamp,Use\g,Share\g,Cache\g,Buffer\g,Swap\g,Total\g
2015-10-17T08:01:00+08:00,1490945228.8,0,338561570.13,233590784,16601088,4075216896
2015-10-17T08:02:00+08:00,1490700219.7,0,338566894.93,233590784,16601088,4075216896
2015-10-17T08:03:00+08:00,1491347592.5,0,338573926.4,233590784,16601088,4075216896
2015-10-17T08:04:00+08:00,1491796787.2,0,338581230.93,233590784,16601088,4075216896
2015-10-17T08:05:00+08:00,1492970973.9,0,338589559.47,233590784,16601088,4075216896
2015-10-17T08:06:00+08:00,1228426103.5,0,333583360,233590784,16601088,4075216896
2015-10-17T08:07:00+08:00,504019421.87,0,319799296,233590784,16601088,4075216896
2015-10-17T08:08:00+08:00,503813051.73,0,319799296,233590784,16601088,4075216896
2015-10-17T08:09:00+08:00,503684300.8,0,319799296,233590784,16601088,4075216896
2015-10-17T08:10:00+08:00,808555656.53,0,337891874.13,233590784,16601088,4075216896
2015-10-17T08:11:00+08:00,509009851.73,0,323449514.67,233590784,16601088,4075216896
2015-10-17T08:12:00+08:00,820918818.13,0,338471116.8,233590784,16601088,4075216896
2015-10-17T08:13:00+08:00,755704558.93,0,335687816.53,233590784,16601088,4075216896
2015-10-17T08:14:00+08:00,808838280.53,0,338644036.27,233590784,16601088,4075216896
2015-10-17T08:15:00+08:00,725131741.87,0,334349926.4,233590784,16601088,4075216896
2015-10-17T08:16:00+08:00,833540983.47,0,338750600.53,233593719.47,16601088,4075216896
2015-10-17T08:17:00+08:00,894471031.47,0,338874094.93,233596791.47,16601088,4075216896
2015-10-17T08:18:00+08:00,905673728,0,338878259.2,233602867.2,16601088,4075216896
2015-10-17T08:19:00+08:00,901189154.13,0,338883106.13,233603072,16601088,4075216896
2015-10-17T08:20:00+08:00,884316228.27,0,338882833.07,233603072,16601088,4075216896
2015-10-17T08:21:00+08:00,708749107.2,0,338918604.8,233603072,16601088,4075216896
2015-10-17T08:22:00+08:00,622215782.4,0,338905088,233617066.67,16601088,4075216896
2015-10-17T08:23:00+08:00,725342481.07,0,339077120,233623552,16601088,4075216896
2015-10-17T08:24:00+08:00,752166297.6,0,339115008,233623552,16601088,4075216896
2015-10-17T08:25:00+08:00,777569211.73,0,339121356.8,233623552,16601088,4075216896
2015-10-17T08:26:00+08:00,850674892.8,0,339273728,233623552,16601088,4075216896
2015-10-17T08:27:00+08:00,923094903.47,0,339766613.33,233623552,16601088,4075216896
2015-10-17T08:28:00+08:00,947992507.73,0,339783543.47,233623552,16601088,4075216896
2015-10-17T08:29:00+08:00,949212501.33,0,339784567.47,233623552,16601088,4075216896
2015-10-17T08:30:00+08:00,953074688,0,339787776,233625463.47,16601088,4075216896
2015-10-17T08:31:00+08:00,588125934.93,0,325347464.53,233627648,16601088,4075216896
2015-10-17T08:32:00+08:00,838931592.53,0,339725585.07,233627648,16601088,4075216896
2015-10-17T08:33:00+08:00,877637222.4,0,339836381.87,233627648,16601088,4075216896
2015-10-17T08:34:00+08:00,887846570.67,0,339840887.47,233627648,16601088,4075216896
2015-10-17T08:35:00+08:00,873086907.73,0,339841024,233627648,16601088,4075216896
2015-10-17T08:36:00+08:00,836878131.2,0,339845120,233627648,16601088,4075216896
2015-10-17T08:37:00+08:00,967073860.27,0,339857203.2,233627648,16601088,4075216896
2015-10-17T08:38:00+08:00,976624708.27,0,339857408,233627648,16601088,4075216896
2015-10-17T08:39:00+08:00,981475601.07,0,339861299.2,233627648,16601088,4075216896
2015-10-17T08:40:00+08:00,988239872,0,339861504,233627648,16601088,4075216896
2015-10-17T08:41:00+08:00,995277141.33,0,339865463.47,233627648,16601088,4075216896
2015-10-17T08:42:00+08:00,1006086758.4,0,339865600,233629559.47,16601088,4075216896
2015-10-17T08:43:00+08:00,1049791351.5,0,339869491.2,233631744,16601088,4075216896
2015-10-17T08:44:00+08:00,1064659558.4,0,339869696,233631744,16601088,4075216896
2015-10-17T08:45:00+08:00,1077930734.9,0,339873655.47,233631744,16601088,4075216896
2015-10-17T08:46:00+08:00,1092685277.9,0,339873792,233631744,16601088,4075216896
2015-10-17T08:47:00+08:00,1099444224,0,339877751.47,233634611.2,16601088,4075216896
2015-10-17T08:48:00+08:00,1113197977.6,0,339877888,233635840,16601088,4075216896
2015-10-17T08:49:00+08:00,1120724992,0,339881779.2,233637683.2,16601088,4075216896
2015-10-17T08:50:00+08:00,1128718336,0,339881984,233639936,16601088,4075216896
2015-10-17T08:51:00+08:00,1130914884.3,0,339885875.2,233639936,16601088,4075216896
2015-10-17T08:52:00+08:00,1141136042.7,0,339889971.2,233639936,16601088,4075216896
2015-10-17T08:53:00+08:00,1145412266.7,0,339890176,233639936,16601088,4075216896
2015-10-17T08:54:00+08:00,1150850389.3,0,339897685.33,233639936,16601088,4075216896
2015-10-17T08:55:00+08:00,1162987656.5,0,339903829.33,233639936,16601088,4075216896
2015-10-17T08:56:00+08:00,1164319334.4,0,339906560,233639936,16601088,4075216896
2015-10-17T08:57:00+08:00,1172092177.1,0,339910246.4,233639936,16601088,4075216896
2015-10-17T08:58:00+08:00,1177103360,0,339910656,233642120.53,16601088,4075216896
2015-10-17T08:59:00+08:00,1190249881.6,0,339914342.4,233651814.4,16601088,4075216896
2015-10-17T09:00:00+08:00,1208320477.9,0,339914752,233652224,16601088,4075216896
2015-10-17T09:01:00+08:00,1206884420.3,0,339917346.13,233652770.13,16601088,4075216896
2015-10-17T09:02:00+08:00,1206103313.1,0,339918848,233656866.13,16601088,4075216896
2015-10-17T09:03:00+08:00,1216156672,0,339922466.13,233660416,16601088,4075216896
2015-10-17T09:04:00+08:00,1222864964.3,0,339922944,233660416,16601088,4075216896
2015-10-17T09:05:00+08:00,1226578739.2,0,339926562.13,233660416,16601088,4075216896
2015-10-17T09:06:00+08:00,1236404087.5,0,339927040,233660416,16601088,4075216896
2015-10-17T09:07:00+08:00,1239608388.3,0,339934412.8,233660416,16601088,4075216896
2015-10-17T09:08:00+08:00,1257276006.4,0,339936733.87,233660416,16601088,4075216896
2015-10-17T09:09:00+08:00,1268037222.4,0,339943424,233660416,16601088,4075216896
2015-10-17T09:10:00+08:00,1268592913.1,0,339945130.67,233660416,16601088,4075216896
2015-10-17T09:11:00+08:00,1273322564.3,0,339947520,233660416,16601088,4075216896
2015-10-17T09:12:00+08:00,1279935351.5,0,339949090.13,233664102.4,16601088,4075216896
2015-10-17T09:13:00+08:00,1284486212.3,0,339951616,233664512,16601088,4075216896
2015-10-17T09:14:00+08:00,1290576145.1,0,339953322.67,233668949.33,16601088,4075216896
2015-10-17T09:15:00+08:00,1301851818.7,0,339955712,233672704,16601088,4075216896
2015-10-17T09:16:00+08:00,1312383658.7,0,339959534.93,233672704,16601088,4075216896
2015-10-17T09:17:00+08:00,1312481348.3,0,339959808,233676595.2,16601088,4075216896
2015-10-17T09:18:00+08:00,1324385894.4,0,339962606.93,233676800,16601088,4075216896
2015-10-17T09:19:00+08:00,1328273885.9,0,339967726.93,233676800,16601088,4075216896
2015-10-17T09:20:00+08:00,1329780121.6,0,339971754.67,233676800,16601088,4075216896
2015-10-17T09:21:00+08:00,1339776273.1,0,339974963.2,233676800,16601088,4075216896
2015-10-17T09:22:00+08:00,1343331328,0,339980083.2,233676800,16601088,4075216896
2015-10-17T09:23:00+08:00,1346032503.5,0,339980288,233680622.93,16601088,4075216896
2015-10-17T09:24:00+08:00,1353732710.4,0,339983155.2,233680896,16601088,4075216896
2015-10-17T09:25:00+08:00,1360712704,0,339984384,233680896,16601088,4075216896
2015-10-17T09:26:00+08:00,1363432857.6,0,339987046.4,233680896,16601088,4075216896
2015-10-17T09:27:00+08:00,1369034410.7,0,339990254.93,233680896,16601088,4075216896
2015-10-17T09:28:00+08:00,1382110208,0,339992576,233680896,16601088,4075216896
2015-10-17T09:29:00+08:00,1384075810.1,0,339995306.67,233684718.93,16601088,4075216896
2015-10-17T09:30:00+08:00,1388757947.7,0,339997422.93,233685742.93,16601088,4075216896
2015-10-17T09:31:00+08:00,1398561928.5,0,340003498.67,233691818.67,16601088,4075216896
2015-10-17T09:32:00+08:00,814942208,0,327531178.67,233697621.33,16601088,4075216896
2015-10-17T09:33:00+08:00,799802368,0,338066090.67,233701376,16601088,4075216896
2015-10-17T09:34:00+08:00,878102528,0,340063436.8,233701376,16601088,4075216896
2015-10-17T09:35:00+08:00,891372134.4,0,340066304,233701376,16601088,4075216896
2015-10-17T09:36:00+08:00,884475972.27,0,340069922.13,233701376,16601088,4075216896
2015-10-17T09:37:00+08:00,863783662.93,0,340070400,233701376,16601088,4075216896
2015-10-17T09:38:00+08:00,817497361.07,0,340074018.13,233701376,16601088,4075216896
2015-10-17T09:39:00+08:00,960845277.87,0,340085145.6,233701376,16601088,4075216896
2015-10-17T09:40:00+08:00,998686720,0,340086784,233702809.6,16601088,4075216896
2015-10-17T09:41:00+08:00,998823389.87,0,340089309.87,233706018.13,16601088,4075216896
2015-10-17T09:42:00+08:00,999549337.6,0,340090880,233709568,16601088,4075216896
2015-10-17T09:43:00+08:00,1000388130.1,0,340093405.87,233709568,16601088,4075216896
2015-10-17T09:44:00+08:00,1036766412.8,0,340094976,233709568,16601088,4075216896
2015-10-17T09:45:00+08:00,1069666713.6,0,340098457.6,233711001.6,16601088,4075216896
2015-10-17T09:46:00+08:00,1085445188.3,0,340099072,233713664,16601088,4075216896
2015-10-17T09:47:00+08:00,1100815769.6,0,340102553.6,233717145.6,16601088,4075216896
2015-10-17T09:48:00+08:00,1110606643.2,0,340103168,233717760,16601088,4075216896
2015-10-17T09:49:00+08:00,1121586449.1,0,340105557.33,233717760,16601088,4075216896
2015-10-17T09:50:00+08:00,1139326498.1,0,340107264,233718033.07,16601088,4075216896
2015-10-17T09:51:00+08:00,1149357875.2,0,340110540.8,233721856,16601088,4075216896
2015-10-17T09:52:00+08:00,1161241873.1,0,340111360,233721856,16601088,4075216896
2015-10-17T09:53:00+08:00,1177200844.8,0,340114636.8,233721856,16601088,4075216896
2015-10-17T09:54:00+08:00,1185017036.8,0,340117708.8,233721856,16601088,4075216896
2015-10-17T09:55:00+08:00,1196144435.2,0,340119552,233721856,16601088,4075216896
2015-10-17T09:56:00+08:00,1209163025.1,0,340122897.07,233721856,16601088,4075216896
2015-10-17T09:57:00+08:00,1217362875.7,0,340125900.8,233721856,16601088,4075216896
2015-10-17T09:58:00+08:00,1230035831.5,0,340133205.33,233721856,16601088,4075216896
2015-10-17T09:59:00+08:00,1237408153.6,0,340136960,233722948.27,16601088,4075216896
2015-10-17T10:00:00+08:00,1243702135.5,0,340140032,233729092.27,16601088,4075216896
2015-10-17T10:01:00+08:00,1255875993.6,0,340142080,233730048,16601088,4075216896
2015-10-17T10:02:00+08:00,1269237691.7,0,340144128,233730048,16601088,4075216896
2015-10-17T10:03:00+08:00,1278907596.8,0,340146244.27,233730048,16601088,4075216896
2015-10-17T10:04:00+08:00,1288535995.7,0,340148224,233732096,16601088,4075216896
2015-10-17T10:05:00+08:00,1296601770.7,0,340150272,233734144,16601088,4075216896
2015-10-17T10:06:00+08:00,1308173107.2,0,340152320,233736192,16601088,4075216896
2015-10-17T10:07:00+08:00,1311188377.6,0,340154368,233738240,16601088,4075216896
2015-10-17T10:08:00+08:00,1322899729.1,0,340156416,233738240,16601088,4075216896
2015-10-17T10:09:00+08:00,1327842372.3,0,340158532.27,233738240,16601088,4075216896
2015-10-17T10:10:00+08:00,1338618675.2,0,340160512,233738240,16601088,4075216896
2015-10-17T10:11:00+08:00,1345256379.7,0,340164744.53,233738240,16601088,4075216896
2015-10-17T10:12:00+08:00,1355263863.5,0,340170820.27,233738240,16601088,4075216896
2015-10-17T10:13:00+08:00,1365084023.5,0,340176008.53,233740424.53,16601088,4075216896
2015-10-17T10:14:00+08:00,1375521518.9,0,340179012.27,233742336,16601088,4075216896
2015-10-17T10:15:00+08:00,1381707707.7,0,340180992,233742336,16601088,4075216896
2015-10-17T10:16:00+08:00,1394361139.2,0,340183040,233742336,16601088,4075216896
2015-10-17T10:17:00+08:00,1395326020.3,0,340185088,233743291.73,16601088,4075216896
2015-10-17T10:18:00+08:00,1402150912,0,340189184,233746432,16601088,4075216896
2015-10-17T10:19:00+08:00,1404079581.9,0,340189184,233746432,16601088,4075216896
2015-10-17T10:20:00+08:00,1412342988.8,0,340193280,233746432,16601088,4075216896
2015-10-17T10:21:00+08:00,1429493077.3,0,340193280,233746432,16601088,4075216896
2015-10-17T10:22:00+08:00,1436951415.5,0,340196352,233746432,16601088,4075216896
2015-10-17T10:23:00+08:00,1442989397.3,0,340197376,233746432,16601088,4075216896
2015-10-17T10:24:00+08:00,1443055616,0,340204475.73,233746432,16601088,4075216896
2015-10-17T10:25:00+08:00,1452558336,0,340205568,233746432,16601088,4075216896
2015-10-17T10:26:00+08:00,1461629542.4,0,340211234.13,233746432,16601088,4075216896
2015-10-17T10:27:00+08:00,1467375274.7,0,340214647.47,233746432,16601088,4075216896
2015-10-17T10:28:00+08:00,1480450116.3,0,340217856,233746432,16601088,4075216896
2015-10-17T10:29:00+08:00,1480883677.9,0,340219767.47,233746432,16601088,4075216896
2015-10-17T10:30:00+08:00,1483052509.9,0,340221952,233746432,16601088,4075216896
2015-10-17T10:31:00+08:00,1494633198.9,0,340224887.47,233746432,16601088,4075216896
2015-10-17T10:32:00+08:00,1498427665.1,0,340226048,233746432,16601088,4075216896
2015-10-17T10:33:00+08:00,1057719500.8,0,331769446.4,233750323.2,16601088,4075216896
2015-10-17T10:34:00+08:00,738979840,0,334525030.4,233750528,16601088,4075216896
2015-10-17T10:35:00+08:00,915174946.13,0,340291379.2,233750528,16601088,4075216896
2015-10-17T10:36:00+08:00,945137322.67,0,340312064,233750528,16601088,4075216896
2015-10-17T10:37:00+08:00,934075187.2,0,340314726.4,233750528,16601088,4075216896
2015-10-17T10:38:00+08:00,914940791.47,0,340318822.4,233750528,16601088,4075216896
2015-10-17T10:39:00+08:00,894110720,0,340320256,233750528,16601088,4075216896
2015-10-17T10:40:00+08:00,961637376,0,340329403.73,233750528,16601088,4075216896
2015-10-17T10:41:00+08:00,978239965.87,0,340332544,233750528,16601088,4075216896
2015-10-17T10:42:00+08:00,981983914.67,0,340334114.13,233750528,16601088,4075216896
2015-10-17T10:43:00+08:00,988905472,0,340336640,233750528,16601088,4075216896
2015-10-17T10:44:00+08:00,994011955.2,0,340338278.4,233750528,16601088,4075216896
2015-10-17T10:45:00+08:00,1034091520,0,340340736,233750528,16601088,4075216896
2015-10-17T10:46:00+08:00,1064907161.6,0,340342442.67,233751278.93,16601088,4075216896
2015-10-17T10:47:00+08:00,1082271402.7,0,340344832,233756398.93,16601088,4075216896
2015-10-17T10:48:00+08:00,1101293568,0,340346606.93,233758720,16601088,4075216896
2015-10-17T10:49:00+08:00,1118478267.7,0,340348928,233758720,16601088,4075216896
2015-10-17T10:50:00+08:00,1135730483.2,0,340350771.2,233758720,16601088,4075216896
2015-10-17T10:51:00+08:00,1157073510.4,0,340353024,233758720,16601088,4075216896
2015-10-17T10:52:00+08:00,1170189721.6,0,340354867.2,233761655.47,16601088,4075216896
2015-10-17T10:53:00+08:00,1184235451.7,0,340358963.2,233764659.2,16601088,4075216896
2015-10-17T10:54:00+08:00,1195427089.1,0,340362035.2,233766912,16601088,4075216896
2015-10-17T10:55:00+08:00,1206530116.3,0,340363195.73,233766912,16601088,4075216896
2015-10-17T10:56:00+08:00,1221580390.4,0,340364219.73,233770734.93,16601088,4075216896
2015-10-17T10:57:00+08:00,1230707370.7,0,340367018.67,233771008,16601088,4075216896
2015-10-17T10:58:00+08:00,1252175598.9,0,340370022.4,233771008,16601088,4075216896
2015-10-17T10:59:00+08:00,1265572317.9,0,340376780.8,233771008,16601088,4075216896
2015-10-17T11:00:00+08:00,1274967517.9,0,340382310.4,233771008,16601088,4075216896
2015-10-17T11:01:00+08:00,1281308467.2,0,340385792,233771008,16601088,4075216896
2015-10-17T11:02:00+08:00,1298303044.3,0,340386406.4,233771008,16601088,4075216896
2015-10-17T11:03:00+08:00,1310680951.5,0,340389888,233771008,16601088,4075216896
2015-10-17T11:04:00+08:00,1317858781.9,0,340390434.13,233771008,16601088,4075216896
2015-10-17T11:05:00+08:00,1324439278.9,0,340393984,233771008,16601088,4075216896
2015-10-17T11:06:00+08:00,1334834244.3,0,340394530.13,233771008,16601088,4075216896
2015-10-17T11:07:00+08:00,1346661717.3,0,340398080,233771008,16601088,4075216896
2015-10-17T11:08:00+08:00,1358268142.9,0,340399650.13,233771008,16601088,4075216896
2015-10-17T11:09:00+08:00,1362779886.9,0,340402176,233771008,16601088,4075216896
2015-10-17T11:10:00+08:00,1377588360.5,0,340402790.4,233771008,16601088,4075216896
2015-10-17T11:11:00+08:00,1386093363.2,0,340406886.4,233771008,16601088,4075216896
2015-10-17T11:12:00+08:00,1394026632.5,0,340410368,233771008,16601088,4075216896
2015-10-17T11:13:00+08:00,1405671424,0,340414532.27,233771008,16601088,4075216896
2015-10-17T11:14:00+08:00,1413100953.6,0,340419037.87,233771008,16601088,4075216896
2015-10-17T11:15:00+08:00,1419470848,0,340422656,233771008,16601088,4075216896
2015-10-17T11:16:00+08:00,1426617821.9,0,340426205.87,233771008,16601088,4075216896
2015-10-17T11:17:00+08:00,1436119108.3,0,340429209.6,233771008,16601088,4075216896
2015-10-17T11:18:00+08:00,1442308710.4,0,340430848,233771008,16601088,4075216896
2015-10-17T11:19:00+08:00,1451111424,0,340433237.33,233771008,16601088,4075216896
2015-10-17T11:20:00+08:00,1458756266.7,0,340434944,233772373.33,16601088,4075216896
2015-10-17T11:21:00+08:00,1472311296,0,340437265.07,233775104,16601088,4075216896
2015-10-17T11:22:00+08:00,1478081877.3,0,340439040,233775104,16601088,4075216896
2015-10-17T11:23:00+08:00,1484537173.3,0,340441361.07,233775104,16601088,4075216896
2015-10-17T11:24:00+08:00,1497700898.1,0,340443409.07,233775104,16601088,4075216896
2015-10-17T11:25:00+08:00,1500478190.9,0,340447232,233775104,16601088,4075216896
2015-10-17T11:26:00+08:00,1501685486.9,0,340447778.13,233775104,16601088,4075216896
2015-10-17T11:27:00+08:00,1504221593.6,0,340455424,233775104,16601088,4075216896
2015-10-17T11:28:00+08:00,1504107110.4,0,340455628.8,233776332.8,16601088,4075216896
2015-10-17T11:29:00+08:00,1504564633.6,0,340461704.53,233779200,16601088,4075216896
2015-10-17T11:30:00+08:00,1505197670.4,0,340465732.27,233779200,16601088,4075216896
2015-10-17T11:31:00+08:00,1505250850.1,0,340467712,233782340.27,16601088,4075216896
2015-10-17T11:32:00+08:00,1505145582.9,0,340470920.53,233783296,16601088,4075216896
2015-10-17T11:33:00+08:00,1504775850.7,0,340471808,233783296,16601088,4075216896
2015-10-17T11:34:00+08:00,1470869913.6,0,339847099.73,233783296,16601088,4075216896
2015-10-17T11:35:00+08:00,644788701.87,0,331934105.6,233783296,16601088,4075216896
2015-10-17T11:36:00+08:00,891275468.8,0,340678929.07,233783500.8,16601088,4075216896
2015-10-17T11:37:00+08:00,939973905.07,0,340791296,233787392,16601088,4075216896
2015-10-17T11:38:00+08:00,940680601.6,0,340792524.8,233787392,16601088,4075216896
2015-10-17T11:39:00+08:00,925329749.33,0,340795392,233787392,16601088,4075216896
2015-10-17T11:40:00+08:00,903133593.6,0,340796689.07,233787392,16601088,4075216896
2015-10-17T11:41:00+08:00,957744878.93,0,340807680,233787392,16601088,4075216896
2015-10-17T11:42:00+08:00,964060091.73,0,340808840.53,233787392,16601088,4075216896
2015-10-17T11:43:00+08:00,969632768,0,340811776,233787392,16601088,4075216896
2015-10-17T11:44:00+08:00,973517141.33,0,340814711.47,233788416,16601088,4075216896
2015-10-17T11:45:00+08:00,980910694.4,0,340815872,233791488,16601088,4075216896
2015-10-17T11:46:00+08:00,1042217847.5,0,340816896,233792512,16601088,4075216896
2015-10-17T11:47:00+08:00,1073193984,0,340820992,233795584,16601088,4075216896
2015-10-17T11:48:00+08:00,1093010773.3,0,340824064,233795584,16601088,4075216896
2015-10-17T11:49:00+08:00,1115067665.1,0,340825156.27,233795584,16601088,4075216896
2015-10-17T11:50:00+08:00,1130093568,0,340828160,233798656,16601088,4075216896
2015-10-17T11:51:00+08:00,1153320413.9,0,340829184,233803776,16601088,4075216896
2015-10-17T11:52:00+08:00,1168029149.9,0,340832256,233807872,16601088,4075216896
2015-10-17T11:53:00+08:00,1188912128,0,340835396.27,233807872,16601088,4075216896
2015-10-17T11:54:00+08:00,1203317418.7,0,340836352,233807872,16601088,4075216896
2015-10-17T11:55:00+08:00,1217910852.3,0,340837580.8,233807872,16601088,4075216896
2015-10-17T11:56:00+08:00,1231189879.5,0,340840448,233811353.6,16601088,4075216896
2015-10-17T11:57:00+08:00,1253441331.2,0,340841676.8,233818316.8,16601088,4075216896
2015-10-17T11:58:00+08:00,1270545612.8,0,340844544,233820160,16601088,4075216896
2015-10-17T11:59:00+08:00,1280858385.1,0,340845841.07,233820160,16601088,4075216896
2015-10-17T12:00:00+08:00,1301735628.8,0,340852462.93,233820160,16601088,4075216896
2015-10-17T12:01:00+08:00,1315110638.9,0,340860928,233823505.07,16601088,4075216896
2015-10-17T12:02:00+08:00,1329698338.1,0,340861269.33,233824256,16601088,4075216896
2015-10-17T12:03:00+08:00,1345197397.3,0,340865024,233824256,16601088,4075216896
2015-10-17T12:04:00+08:00,1356065450.7,0,340865365.33,233824597.33,16601088,4075216896
2015-10-17T12:05:00+08:00,1362486818.1,0,340869120,233828352,16601088,4075216896
2015-10-17T12:06:00+08:00,1371007658.7,0,340872465.07,233828352,16601088,4075216896
2015-10-17T12:07:00+08:00,1388111872,0,340873216,233828352,16601088,4075216896
2015-10-17T12:08:00+08:00,1394228292.3,0,340876629.33,233828352,16601088,4075216896
2015-10-17T12:09:00+08:00,1407218551.5,0,340877312,233828352,16601088,4075216896
2015-10-17T12:10:00+08:00,1426160844.8,0,340880588.8,233828352,16601088,4075216896
2015-10-17T12:11:00+08:00,1428390297.6,0,340881408,233828352,16601088,4075216896
2015-10-17T12:12:00+08:00,1450804428.8,0,340884616.53,233828352,16601088,4075216896
2015-10-17T12:13:00+08:00,1462008354.1,0,340885640.53,233828352,16601088,4075216896
2015-10-17T12:14:00+08:00,1467942365.9,0,340889804.8,233828352,16601088,4075216896
2015-10-17T12:15:00+08:00,1478454340.3,0,340893832.53,233831560.53,16601088,4075216896
2015-10-17T12:16:00+08:00,1488046421.3,0,340898952.53,233832448,16601088,4075216896
2015-10-17T12:17:00+08:00,1499925845.3,0,340902024.53,233833540.27,16601088,4075216896
2015-10-17T12:18:00+08:00,1503163733.3,0,340910080,233836544,16601088,4075216896
2015-10-17T12:19:00+08:00,1503255347.2,0,340910216.53,233836544,16601088,4075216896
2015-10-17T12:20:00+08:00,1503193429.3,0,340914176,233836544,16601088,4075216896
2015-10-17T12:21:00+08:00,1503670135.5,0,340914244.27,233836544,16601088,4075216896
2015-10-17T12:22:00+08:00,1504103424,0,340918272,233836544,16601088,4075216896
2015-10-17T12:23:00+08:00,1504829986.1,0,340918818.13,233836544,16601088,4075216896
2015-10-17T12:24:00+08:00,1504672153.6,0,340921890.13,233836544,16601088,4075216896
2015-10-17T12:25:00+08:00,1505099298.1,0,340923528.53,233836544,16601088,4075216896
2015-10-17T12:26:00+08:00,1505208524.8,0,340926464,233836544,16601088,4075216896
2015-10-17T12:27:00+08:00,1505256106.7,0,340929604.27,233836544,16601088,4075216896
2015-10-17T12:28:00+08:00,1505256721.1,0,340930560,233836544,16601088,4075216896
2015-10-17T12:29:00+08:00,1505382741.3,0,340937659.73,233836544,16601088,4075216896
2015-10-17T12:30:00+08:00,1505876650.7,0,340939639.47,233836544,16601088,4075216896
2015-10-17T12:31:00+08:00,1507304721.1,0,340943735.47,233836544,16601088,4075216896
2015-10-17T12:32:00+08:00,1506968985.6,0,340948855.47,233836544,16601088,4075216896
2015-10-17T12:33:00+08:00,1506617412.3,0,340951040,233839411.2,16601088,4075216896
2015-10-17T12:34:00+08:00,1507045444.3,0,340952883.2,233840640,16601088,4075216896
2015-10-17T12:35:00+08:00,1507243008,0,340955136,233840640,16601088,4075216896
2015-10-17T12:36:00+08:00,635436782.93,0,326603639.47,233840640,16601088,4075216896
2015-10-17T12:37:00+08:00,867889220.27,0,340843383.47,233840640,16601088,4075216896
2015-10-17T12:38:00+08:00,925725627.73,0,341037056,233840640,16601088,4075216896
2015-10-17T12:39:00+08:00,929356663.47,0,341037056,233840640,16601088,4075216896
2015-10-17T12:40:00+08:00,910736110.93,0,341040810.67,233840640,16601088,4075216896
2015-10-17T12:41:00+08:00,879575040,0,341041152,233840640,16601088,4075216896
2015-10-17T12:42:00+08:00,944874496,0,341052416,233840640,16601088,4075216896
2015-10-17T12:43:00+08:00,962148147.2,0,341053440,233840640,16601088,4075216896
2015-10-17T12:44:00+08:00,973982105.6,0,341057126.4,233840640,16601088,4075216896
2015-10-17T12:45:00+08:00,985247402.67,0,341056853.33,233841322.67,16601088,4075216896
2015-10-17T12:46:00+08:00,992492544,0,341060949.33,233844736,16601088,4075216896
2015-10-17T12:47:00+08:00,1044499524.3,0,341061632,233848558.93,16601088,4075216896
2015-10-17T12:48:00+08:00,1077895577.6,0,341065523.2,233848832,16601088,4075216896
2015-10-17T12:49:00+08:00,1100668518.4,0,341065728,233848832,16601088,4075216896
2015-10-17T12:50:00+08:00,1120281804.8,0,341069550.93,233848832,16601088,4075216896
2015-10-17T12:51:00+08:00,1139815082.7,0,341073646.93,233848832,16601088,4075216896
2015-10-17T12:52:00+08:00,1166120755.2,0,341073920,233848832,16601088,4075216896
2015-10-17T12:53:00+08:00,1188122282.7,0,341077811.2,233848832,16601088,4075216896
2015-10-17T12:54:00+08:00,1206559880.5,0,341078016,233848832,16601088,4075216896
2015-10-17T12:55:00+08:00,1222426555.7,0,341081907.2,233848832,16601088,4075216896
2015-10-17T12:56:00+08:00,1240965256.5,0,341082112,233848832,16601088,4075216896
2015-10-17T12:57:00+08:00,1253587148.8,0,341086003.2,233848832,16601088,4075216896
2015-10-17T12:58:00+08:00,1269544823.5,0,341086208,233848832,16601088,4075216896
2015-10-17T12:59:00+08:00,1286407645.9,0,341090030.93,233848832,16601088,4075216896
2015-10-17T13:00:00+08:00,1304785305.6,0,341093990.4,233849651.2,16601088,4075216896
2015-10-17T13:01:00+08:00,1327731985.1,0,341099315.2,233852928,16601088,4075216896
2015-10-17T13:02:00+08:00,1345016217.6,0,341104435.2,233852928,16601088,4075216896
2015-10-17T13:03:00+08:00,1356193382.4,0,341106688,233852928,16601088,4075216896
2015-10-17T13:04:00+08:00,1366197862.4,0,341108531.2,233852928,16601088,4075216896
2015-10-17T13:05:00+08:00,1386287718.4,0,341110784,233852928,16601088,4075216896
2015-10-17T13:06:00+08:00,1394496989.9,0,341112422.4,233852928,16601088,4075216896
2015-10-17T13:07:00+08:00,1406896128,0,341114880,233852928,16601088,4075216896
2015-10-17T13:08:00+08:00,1420717192.5,0,341115494.4,233852928,16601088,4075216896
2015-10-17T13:09:00+08:00,1433784524.8,0,341119658.67,233852928,16601088,4075216896
2015-10-17T13:10:00+08:00,1438370816,0,341123072,233853610.67,16601088,4075216896
2015-10-17T13:11:00+08:00,1455572718.9,0,341123686.4,233857024,16601088,4075216896
2015-10-17T13:12:00+08:00,1471122227.2,0,341127168,233857024,16601088,4075216896
2015-10-17T13:13:00+08:00,1485518848,0,341127782.4,233857024,16601088,4075216896
2015-10-17T13:14:00+08:00,1491591918.9,0,341131264,233857024,16601088,4075216896
2015-10-17T13:15:00+08:00,1496252484.3,0,341134609.07,233857024,16601088,4075216896
2015-10-17T13:16:00+08:00,1498122649.6,0,341139456,233857024,16601088,4075216896
2015-10-17T13:17:00+08:00,1500785595.7,0,341144849.07,233857024,16601088,4075216896
2015-10-17T13:18:00+08:00,1501253905.1,0,341147648,233857024,16601088,4075216896
2015-10-17T13:19:00+08:00,1501453994.7,0,341149354.67,233860778.67,16601088,4075216896
2015-10-17T13:20:00+08:00,1500980019.2,0,341151744,233861870.93,16601088,4075216896
2015-10-17T13:21:00+08:00,1501531818.7,0,341153450.67,233865216,16601088,4075216896
2015-10-17T13:22:00+08:00,1501163451.7,0,341155840,233865216,16601088,4075216896
2015-10-17T13:23:00+08:00,1501704533.3,0,341159594.67,233865216,16601088,4075216896
2015-10-17T13:24:00+08:00,1501385932.8,0,341159936,233865216,16601088,4075216896
2015-10-17T13:25:00+08:00,1501889604.3,0,341163758.93,233865216,16601088,4075216896
2015-10-17T13:26:00+08:00,1501530999.5,0,341164032,233865216,16601088,4075216896
2015-10-17T13:27:00+08:00,1501381427.2,0,341167854.93,233865216,16601088,4075216896
2015-10-17T13:28:00+08:00,1502318114.1,0,341168128,233865216,16601088,4075216896
2015-10-17T13:29:00+08:00,1502711808,0,341176320,233865216,16601088,4075216896
2015-10-17T13:30:00+08:00,1502357504,0,341176320,233865216,16601088,4075216896
2015-10-17T13:31:00+08:00,1502510899.2,0,341181508.27,233865216,16601088,4075216896
2015-10-17T13:32:00+08:00,1503364437.3,0,341185672.53,233865352.53,16601088,4075216896
2015-10-17T13:33:00+08:00,1503889544.5,0,341188608,233869312,16601088,4075216896
2015-10-17T13:34:00+08:00,1509672277.3,0,341192704,233869312,16601088,4075216896
2015-10-17T13:35:00+08:00,1512183193.6,0,341192704,233869312,16601088,4075216896
2015-10-17T13:36:00+08:00,1511688055.5,0,341196731.73,233869312,16601088,4075216896
2015-10-17T13:37:00+08:00,1014461440,0,331673600,233872384,16601088,4075216896
2015-10-17T13:38:00+08:00,799343616,0,340935884.8,233873408,16601088,4075216896
2015-10-17T13:39:00+08:00,921787392,0,341276740.27,233873408,16601088,4075216896
2015-10-17T13:40:00+08:00,939598301.87,0,341282816,233873408,16601088,4075216896
2015-10-17T13:41:00+08:00,924860074.67,0,341285751.47,233874295.47,16601088,4075216896
2015-10-17T13:42:00+08:00,898000418.13,0,341289847.47,233877504,16601088,4075216896
2015-10-17T13:43:00+08:00,861865369.6,0,341291963.73,233877504,16601088,4075216896
2015-10-17T13:44:00+08:00,971506346.67,0,341302135.47,233877504,16601088,4075216896
2015-10-17T13:45:00+08:00,980438357.33,0,341303296,233877504,16601088,4075216896
2015-10-17T13:46:00+08:00,993639014.4,0,341306231.47,233877504,16601088,4075216896
2015-10-17T13:47:00+08:00,1001072366.9,0,341307392,233877504,16601088,4075216896
2015-10-17T13:48:00+08:00,1011103744,0,341310395.73,233877504,16601088,4075216896
2015-10-17T13:49:00+08:00,1063315729.1,0,341311488,233877504,16601088,4075216896
2015-10-17T13:50:00+08:00,1096296448,0,341314560,233881600,16601088,4075216896
2015-10-17T13:51:00+08:00,1121940480,0,341315584,233881600,16601088,4075216896
2015-10-17T13:52:00+08:00,1142090547.2,0,341318656,233881600,16601088,4075216896
2015-10-17T13:53:00+08:00,1161796403.2,0,341318656,233882624,16601088,4075216896
2015-10-17T13:54:00+08:00,1185999394.1,0,341322752,233885696,16601088,4075216896
2015-10-17T13:55:00+08:00,1209556718.9,0,341323776,233885696,16601088,4075216896
2015-10-17T13:56:00+08:00,1236509149.9,0,341326984.53,233886856.53,16601088,4075216896
2015-10-17T13:57:00+08:00,1254256571.7,0,341330056.53,233889792,16601088,4075216896
2015-10-17T13:58:00+08:00,1270138265.6,0,341331968,233889792,16601088,4075216896
2015-10-17T13:59:00+08:00,1296356488.5,0,341334152.53,233889792,16601088,4075216896
2015-10-17T14:00:00+08:00,1319320234.7,0,341336064,233889792,16601088,4075216896
2015-10-17T14:01:00+08:00,1348232533.3,0,341338248.53,233889792,16601088,4075216896
2015-10-17T14:02:00+08:00,1363980083.2,0,341340364.8,233892044.8,16601088,4075216896
2015-10-17T14:03:00+08:00,1394290688,0,341347601.07,233893888,16601088,4075216896
2015-10-17T14:04:00+08:00,1395026534.4,0,341352652.8,233893888,16601088,4075216896
2015-10-17T14:05:00+08:00,1412849868.8,0,341356544,233896140.8,16601088,4075216896
2015-10-17T14:06:00+08:00,1432010615.5,0,341356680.53,233897984,16601088,4075216896
2015-10-17T14:07:00+08:00,1438999825.1,0,341360640,233899076.27,16601088,4075216896
2015-10-17T14:08:00+08:00,1458953147.7,0,341360640,233903104,16601088,4075216896
2015-10-17T14:09:00+08:00,1476490240,0,341364736,233906176,16601088,4075216896
2015-10-17T14:10:00+08:00,1492936704,0,341364736,233906176,16601088,4075216896
2015-10-17T14:11:00+08:00,1510543564.8,0,341368832,233906176,16601088,4075216896
2015-10-17T14:12:00+08:00,1511011396.3,0,341368832,233906176,16601088,4075216896
2015-10-17T14:13:00+08:00,1512527940.3,0,341372928,233906176,16601088,4075216896
2015-10-17T14:14:00+08:00,1513554056.5,0,341372928,233906176,16601088,4075216896
2015-10-17T14:15:00+08:00,1514193100.8,0,341377024,233906176,16601088,4075216896
2015-10-17T14:16:00+08:00,1514808251.7,0,341380027.73,233906176,16601088,4075216896
2015-10-17T14:17:00+08:00,1516064017.1,0,341381120,233906176,16601088,4075216896
2015-10-17T14:18:00+08:00,1515915127.5,0,341386922.67,233906176,16601088,4075216896
2015-10-17T14:19:00+08:00,1516744908.8,0,341389312,233906176,16601088,4075216896
2015-10-17T14:20:00+08:00,1516479010.1,0,341396275.2,233910203.73,16601088,4075216896
2015-10-17T14:21:00+08:00,1515986261.3,0,341399347.2,233910272,16601088,4075216896
2015-10-17T14:22:00+08:00,1516103202.1,0,341401600,233910272,16601088,4075216896
2015-10-17T14:23:00+08:00,1516309981.9,0,341404398.93,233910272,16601088,4075216896
2015-10-17T14:24:00+08:00,1515759138.1,0,341405696,233910272,16601088,4075216896
2015-10-17T14:25:00+08:00,1516142455.5,0,341407539.2,233910272,16601088,4075216896
2015-10-17T14:26:00+08:00,1518673169.1,0,341409792,233910272,16601088,4075216896
2015-10-17T14:27:00+08:00,1518751061.3,0,341411566.93,233913070.93,16601088,4075216896
2015-10-17T14:28:00+08:00,1518691328,0,341413888,233914368,16601088,4075216896
2015-10-17T14:29:00+08:00,1517458432,0,341416755.2,233914368,16601088,4075216896
2015-10-17T14:30:00+08:00,1517398835.2,0,341417984,233914368,16601088,4075216896
2015-10-17T14:31:00+08:00,1517500962.1,0,341420782.93,233914368,16601088,4075216896
2015-10-17T14:32:00+08:00,1517803110.4,0,341422080,233914368,16601088,4075216896
2015-10-17T14:33:00+08:00,1518316202.7,0,341426790.4,233917235.2,16601088,4075216896
2015-10-17T14:34:00+08:00,1518767308.8,0,341430272,233918464,16601088,4075216896
2015-10-17T14:35:00+08:00,1519317538.1,0,341434231.47,233922423.47,16601088,4075216896
2015-10-17T14:36:00+08:00,1519454754.1,0,341438190.93,233922560,16601088,4075216896
2015-10-17T14:37:00+08:00,1519277943.5,0,341442218.67,233922560,16601088,4075216896
2015-10-17T14:38:00+08:00,1118376960,0,333844070.4,233926246.4,16601088,4075216896
2015-10-17T14:39:00+08:00,700661350.4,0,334588518.4,233926656,16601088,4075216896
2015-10-17T14:40:00+08:00,892388761.6,0,341467136,233926656,16601088,4075216896
2015-10-17T14:41:00+08:00,938589525.33,0,341513830.4,233930342.4,16601088,4075216896
2015-10-17T14:42:00+08:00,945881292.8,0,341516288,233930752,16601088,4075216896
2015-10-17T14:43:00+08:00,929629525.33,0,341518131.2,233930752,16601088,4075216896
2015-10-17T14:44:00+08:00,898729096.53,0,341522022.4,233930752,16601088,4075216896
2015-10-17T14:45:00+08:00,984284160,0,341530350.93,233930752,16601088,4075216896
2015-10-17T14:46:00+08:00,1017353693.9,0,341532672,233930752,16601088,4075216896
2015-10-17T14:47:00+08:00,1038543462.4,0,341534310.4,233930752,16601088,4075216896
2015-10-17T14:48:00+08:00,1049873954.1,0,341536768,233930752,16601088,4075216896
2015-10-17T14:49:00+08:00,1058696601.6,0,341538338.13,233930752,16601088,4075216896
2015-10-17T14:50:00+08:00,1084177476.3,0,341542502.4,233930752,16601088,4075216896
2015-10-17T14:51:00+08:00,1102658218.7,0,341544960,233930752,16601088,4075216896
2015-10-17T14:52:00+08:00,1128378845.9,0,341546461.87,233930752,16601088,4075216896
2015-10-17T14:53:00+08:00,1152189849.6,0,341549056,233930752,16601088,4075216896
2015-10-17T14:54:00+08:00,1180636501.3,0,341550421.33,233930752,16601088,4075216896
2015-10-17T14:55:00+08:00,1205567488,0,341553152,233930752,16601088,4075216896
2015-10-17T14:56:00+08:00,1229338555.7,0,341554380.8,233930752,16601088,4075216896
2015-10-17T14:57:00+08:00,1255249032.5,0,341557248,233930752,16601088,4075216896
2015-10-17T14:58:00+08:00,1272642764.8,0,341558613.33,233930752,16601088,4075216896
2015-10-17T14:59:00+08:00,1295728844.8,0,341561344,233930752,16601088,4075216896
2015-10-17T15:00:00+08:00,1336400691.2,0,341562572.8,233930752,16601088,4075216896
2015-10-17T15:01:00+08:00,1343675801.6,0,341565440,233930752,16601088,4075216896
2015-10-17T15:02:00+08:00,1371164740.3,0,341566737.07,233930752,16601088,4075216896
2015-10-17T15:03:00+08:00,1422013440,0,341569536,233930752,16601088,4075216896
2015-10-17T15:04:00+08:00,1440219818.7,0,341571037.87,233930752,16601088,4075216896
2015-10-17T15:05:00+08:00,1439001668.3,0,341580185.6,233930752,16601088,4075216896
2015-10-17T15:06:00+08:00,1463540804.3,0,341585920,233930752,16601088,4075216896
2015-10-17T15:07:00+08:00,1469168366.9,0,341587080.53,233930752,16601088,4075216896
2015-10-17T15:08:00+08:00,1479950540.8,0,341590289.07,233930752,16601088,4075216896
2015-10-17T15:09:00+08:00,1500706338.1,0,341594112,233936622.93,16601088,4075216896
2015-10-17T15:10:00+08:00,1506519381.3,0,341594521.6,233938944,16601088,4075216896
2015-10-17T15:11:00+08:00,1508049373.9,0,341598208,233938944,16601088,4075216896
2015-10-17T15:12:00+08:00,1508216627.2,0,341598208,233938944,16601088,4075216896
2015-10-17T15:13:00+08:00,1509112900.3,0,341601689.6,233938944,16601088,4075216896
2015-10-17T15:14:00+08:00,1508844748.8,0,341602781.87,233938944,16601088,4075216896
2015-10-17T15:15:00+08:00,1503855752.5,0,341606400,233941401.6,16601088,4075216896
2015-10-17T15:16:00+08:00,1505321301.3,0,341606741.33,233944405.33,16601088,4075216896
2015-10-17T15:17:00+08:00,1508798941.9,0,341610496,233947136,16601088,4075216896
2015-10-17T15:18:00+08:00,1509100339.2,0,341610769.07,233947136,16601088,4075216896
2015-10-17T15:19:00+08:00,1509486933.3,0,341614592,233947136,16601088,4075216896
2015-10-17T15:20:00+08:00,1506085614.9,0,341617186.13,233947136,16601088,4075216896
2015-10-17T15:21:00+08:00,1507975714.1,0,341622784,233947136,16601088,4075216896
2015-10-17T15:22:00+08:00,1505189137.1,0,341627426.13,233947136,16601088,4075216896
2015-10-17T15:23:00+08:00,1504247603.2,0,341630976,233947136,16601088,4075216896
2015-10-17T15:24:00+08:00,1508529766.4,0,341635208.53,233947136,16601088,4075216896
2015-10-17T15:25:00+08:00,1509352994.1,0,341635072,233947136,16601088,4075216896
2015-10-17T15:26:00+08:00,1509263360,0,341638280.53,233947136,16601088,4075216896
2015-10-17T15:27:00+08:00,1509428428.8,0,341639168,233947136,16601088,4075216896
2015-10-17T15:28:00+08:00,1510538103.5,0,341642444.8,233947136,16601088,4075216896
2015-10-17T15:29:00+08:00,1510827690.7,0,341644492.8,233947136,16601088,4075216896
2015-10-17T15:30:00+08:00,1511276953.6,0,341647360,233947136,16601088,4075216896
2015-10-17T15:31:00+08:00,1511335662.9,0,341648520.53,233947136,16601088,4075216896
2015-10-17T15:32:00+08:00,1511752908.8,0,341651456,233947136,16601088,4075216896
2015-10-17T15:33:00+08:00,1511831483.7,0,341652480,233947136,16601088,4075216896
2015-10-17T15:34:00+08:00,1512383078.4,0,341655552,233947136,16601088,4075216896
2015-10-17T15:35:00+08:00,1506914986.7,0,341658350.93,233947136,16601088,4075216896
2015-10-17T15:36:00+08:00,1507348411.7,0,341663744,233950139.73,16601088,4075216896
2015-10-17T15:37:00+08:00,1509605376,0,341665792,233951232,16601088,4075216896
2015-10-17T15:38:00+08:00,1509909504,0,341669888,233951232,16601088,4075216896
2015-10-17T15:39:00+08:00,1477554176,0,341039718.4,233951232,16601088,4075216896
2015-10-17T15:40:00+08:00,650095752.53,0,332599500.8,233951232,16601088,4075216896
2015-10-17T15:41:00+08:00,896948565.33,0,341680810.67,233951232,16601088,4075216896
2015-10-17T15:42:00+08:00,936747144.53,0,341787716.27,233954304,16601088,4075216896
2015-10-17T15:43:00+08:00,933664153.6,0,341791744,233955328,16601088,4075216896
2015-10-17T15:44:00+08:00,907240448,0,341794816,233955328,16601088,4075216896
2015-10-17T15:45:00+08:00,886536192,0,341795908.27,233955328,16601088,4075216896
2015-10-17T15:46:00+08:00,978839552,0,341807104,233955328,16601088,4075216896
2015-10-17T15:47:00+08:00,998318216.53,0,341808196.27,233957444.27,16601088,4075216896
2015-10-17T15:48:00+08:00,1005326813.9,0,341811200,233959424,16601088,4075216896
2015-10-17T15:49:00+08:00,1024074274.1,0,341812292.27,233959424,16601088,4075216896
2015-10-17T15:50:00+08:00,1045200076.8,0,341815296,233959424,16601088,4075216896
2015-10-17T15:51:00+08:00,1082015402.7,0,341816320,233959424,16601088,4075216896
2015-10-17T15:52:00+08:00,1112626176,0,341819392,233959424,16601088,4075216896
2015-10-17T15:53:00+08:00,1145083084.8,0,341820416,233962496,16601088,4075216896
2015-10-17T15:54:00+08:00,1167750417.1,0,341823488,233963520,16601088,4075216896
2015-10-17T15:55:00+08:00,1190259302.4,0,341824512,233963520,16601088,4075216896
2015-10-17T15:56:00+08:00,1215943065.6,0,341827584,233963520,16601088,4075216896
2015-10-17T15:57:00+08:00,1248199680,0,341828676.27,233963520,16601088,4075216896
2015-10-17T15:58:00+08:00,1286694912,0,341832704,233963520,16601088,4075216896
2015-10-17T15:59:00+08:00,1389366476.8,0,341835776,233963520,16601088,4075216896
2015-10-17T16:00:00+08:00,1435531810.1,0,341836868.27,233963520,16601088,4075216896
2015-10-17T16:01:00+08:00,1438251281.1,0,341839872,233963520,16601088,4075216896
2015-10-17T16:02:00+08:00,1499357184,0,341839940.27,233963520,16601088,4075216896
2015-10-17T16:03:00+08:00,1502278451.2,0,341843968,233963520,16601088,4075216896
2015-10-17T16:04:00+08:00,1503825100.8,0,341844104.53,233963520,16601088,4075216896
2015-10-17T16:05:00+08:00,1504987272.5,0,341849156.27,233963520,16601088,4075216896
2015-10-17T16:06:00+08:00,1505928806.4,0,341854344.53,233963520,16601088,4075216896
2015-10-17T16:07:00+08:00,1506754218.7,0,341860352,233963520,16601088,4075216896
2015-10-17T16:08:00+08:00,1507377629.9,0,341861307.73,233963520,16601088,4075216896
2015-10-17T16:09:00+08:00,1508735931.7,0,341864448,233963520,16601088,4075216896
2015-10-17T16:10:00+08:00,1508175667.2,0,341865472,233963520,16601088,4075216896
2015-10-17T16:11:00+08:00,1509115289.6,0,341868544,233963520,16601088,4075216896
2015-10-17T16:12:00+08:00,1507784772.3,0,341869636.27,233963520,16601088,4075216896
2015-10-17T16:13:00+08:00,1509416686.9,0,341872640,233963520,16601088,4075216896
2015-10-17T16:14:00+08:00,1510808234.7,0,341873732.27,233963520,16601088,4075216896
2015-10-17T16:15:00+08:00,1510902442.7,0,341876736,233963520,16601088,4075216896
2015-10-17T16:16:00+08:00,1512196983.5,0,341877760,233963520,16601088,4075216896
2015-10-17T16:17:00+08:00,1511749085.9,0,341881856,233963520,16601088,4075216896
2015-10-17T16:18:00+08:00,1510751163.7,0,341884928,233963520,16601088,4075216896
2015-10-17T16:19:00+08:00,1511246233.6,0,341885952,233963520,16601088,4075216896
2015-10-17T16:20:00+08:00,1509940224,0,341889024,233965636.27,16601088,4075216896
2015-10-17T16:21:00+08:00,1510050065.1,0,341889979.73,233967616,16601088,4075216896
2015-10-17T16:22:00+08:00,1510747955.2,0,341897147.73,233967616,16601088,4075216896
2015-10-17T16:23:00+08:00,1511967880.5,0,341899264,233967616,16601088,4075216896
2015-10-17T16:24:00+08:00,1512230161.1,0,341905408,233967616,16601088,4075216896
2015-10-17T16:25:00+08:00,1513089092.3,0,341909504,233967616,16601088,4075216896
2015-10-17T16:26:00+08:00,1511877563.7,0,341909504,233967616,16601088,4075216896
2015-10-17T16:27:00+08:00,1512999458.1,0,341913531.73,233967616,16601088,4075216896
2015-10-17T16:28:00+08:00,1513264947.2,0,341913600,233967616,16601088,4075216896
2015-10-17T16:29:00+08:00,1512725572.3,0,341917559.47,233967616,16601088,4075216896
2015-10-17T16:30:00+08:00,1513347549.9,0,341919539.2,233967616,16601088,4075216896
2015-10-17T16:31:00+08:00,1513746022.4,0,341921792,233967616,16601088,4075216896
2015-10-17T16:32:00+08:00,1513840913.1,0,341922679.47,233967616,16601088,4075216896
2015-10-17T16:33:00+08:00,1514944238.9,0,341925888,233967616,16601088,4075216896
2015-10-17T16:34:00+08:00,1514611097.6,0,341926843.73,233967616,16601088,4075216896
2015-10-17T16:35:00+08:00,1515587788.8,0,341929984,233967616,16601088,4075216896
2015-10-17T16:36:00+08:00,1513463193.6,0,341931008,233967616,16601088,4075216896
2015-10-17T16:37:00+08:00,1515884475.7,0,341938176,233970619.73,16601088,4075216896
2015-10-17T16:38:00+08:00,1513709363.2,0,341942135.47,233971848.53,16601088,4075216896
2015-10-17T16:39:00+08:00,1514484326.4,0,341942681.6,233975808,16601088,4075216896
2015-10-17T16:40:00+08:00,1515527372.8,0,341950464,233975808,16601088,4075216896
2015-10-17T16:41:00+08:00,799479125.33,0,331996637.87,233975808,16601088,4075216896
2015-10-17T16:42:00+08:00,875535155.2,0,341830041.6,233975808,16601088,4075216896
2015-10-17T16:43:00+08:00,933460104.53,0,342052864,233975808,16601088,4075216896
2015-10-17T16:44:00+08:00,932978688,0,342056891.73,233975808,16601088,4075216896
2015-10-17T16:45:00+08:00,906200541.87,0,342056960,233975808,16601088,4075216896
2015-10-17T16:46:00+08:00,874839859.2,0,342062489.6,233975808,16601088,4075216896
2015-10-17T16:47:00+08:00,972802116.27,0,342073139.2,233979699.2,16601088,4075216896
2015-10-17T16:48:00+08:00,999255654.4,0,342073344,233980586.67,16601088,4075216896
2015-10-17T16:49:00+08:00,1040126907.7,0,342077166.93,233984000,16601088,4075216896
2015-10-17T16:50:00+08:00,1058927001.6,0,342077440,233984000,16601088,4075216896
2015-10-17T16:51:00+08:00,1067167061.3,0,342081262.93,233984000,16601088,4075216896
2015-10-17T16:52:00+08:00,1106083157.3,0,342081536,233985706.67,16601088,4075216896
2015-10-17T16:53:00+08:00,1140270694.4,0,342085290.67,233988096,16601088,4075216896
2015-10-17T16:54:00+08:00,1160966485.3,0,342085632,233988096,16601088,4075216896
2015-10-17T16:55:00+08:00,1200540535.5,0,342089523.2,233988096,16601088,4075216896
2015-10-17T16:56:00+08:00,1216339353.6,0,342089728,233988096,16601088,4075216896
2015-10-17T16:57:00+08:00,1248062532.3,0,342093619.2,233988096,16601088,4075216896
2015-10-17T16:58:00+08:00,1287847662.9,0,342093824,233988096,16601088,4075216896
2015-10-17T16:59:00+08:00,1350278690.1,0,342097783.47,233988096,16601088,4075216896
2015-10-17T17:00:00+08:00,1397836185.6,0,342101811.2,233988096,16601088,4075216896
2015-10-17T17:01:00+08:00,1426756334.9,0,342101060.27,233990007.47,16601088,4075216896
2015-10-17T17:02:00+08:00,1436104430.9,0,342105975.47,233992192,16601088,4075216896
2015-10-17T17:03:00+08:00,1503593335.5,0,342106112,233992192,16601088,4075216896
2015-10-17T17:04:00+08:00,1511769429.3,0,342110071.47,233992192,16601088,4075216896
2015-10-17T17:05:00+08:00,1514010077.9,0,342110208,233992192,16601088,4075216896
2015-10-17T17:06:00+08:00,1514516957.9,0,342114986.67,233993011.2,16601088,4075216896
2015-10-17T17:07:00+08:00,1516587008,0,342118400,233996288,16601088,4075216896
2015-10-17T17:08:00+08:00,1517810073.6,0,342126182.4,233996288,16601088,4075216896
2015-10-17T17:09:00+08:00,1516359953.1,0,342127342.93,233996288,16601088,4075216896
2015-10-17T17:10:00+08:00,1517926946.1,0,342130688,233996288,16601088,4075216896
2015-10-17T17:11:00+08:00,1520585591.5,0,342131438.93,233996288,16601088,4075216896
2015-10-17T17:12:00+08:00,1517244347.7,0,342134784,233996288,16601088,4075216896
2015-10-17T17:13:00+08:00,1520228215.5,0,342138606.93,233996288,16601088,4075216896
2015-10-17T17:14:00+08:00,1518178986.7,0,342138880,233996288,16601088,4075216896
2015-10-17T17:15:00+08:00,1518605653.3,0,342142566.4,233998950.4,16601088,4075216896
2015-10-17T17:16:00+08:00,1517558374.4,0,342142976,234002090.67,16601088,4075216896
2015-10-17T17:17:00+08:00,1518211549.9,0,342146798.93,234004480,16601088,4075216896
2015-10-17T17:18:00+08:00,1518197691.7,0,342147072,234004480,16601088,4075216896
2015-10-17T17:19:00+08:00,1518876330.7,0,342150894.93,234004480,16601088,4075216896
2015-10-17T17:20:00+08:00,1517744742.4,0,342151782.4,234004480,16601088,4075216896
2015-10-17T17:21:00+08:00,1517572642.1,0,342157312,234004480,16601088,4075216896
2015-10-17T17:22:00+08:00,1517738666.7,0,342156288,234004480,16601088,4075216896
2015-10-17T17:23:00+08:00,1520428987.7,0,342160588.8,234004480,16601088,4075216896
2015-10-17T17:24:00+08:00,1518908757.3,0,342165026.13,234004480,16601088,4075216896
2015-10-17T17:25:00+08:00,1519992832,0,342169122.13,234004480,16601088,4075216896
2015-10-17T17:26:00+08:00,1519655799.5,0,342173354.67,234004480,16601088,4075216896
2015-10-17T17:27:00+08:00,1520439842.1,0,342175744,234004480,16601088,4075216896
2015-10-17T17:28:00+08:00,1521629866.7,0,342177518.93,234004480,16601088,4075216896
2015-10-17T17:29:00+08:00,1523835084.8,0,342179840,234004480,16601088,4075216896
2015-10-17T17:30:00+08:00,1523582088.5,0,342181410.13,234004480,16601088,4075216896
2015-10-17T17:31:00+08:00,1530400836.3,0,342185437.87,234004480,16601088,4075216896
2015-10-17T17:32:00+08:00,1528613341.9,0,342188032,234004480,16601088,4075216896
2015-10-17T17:33:00+08:00,1522683357.9,0,342188032,234004480,16601088,4075216896
2015-10-17T17:34:00+08:00,1403303936,0,339963699.2,234008029.87,16601088,4075216896
2015-10-17T17:35:00+08:00,516397533.87,0,323104768,234008576,16601088,4075216896
2015-10-17T17:36:00+08:00,516097570.13,0,323104768,234008576,16601088,4075216896
2015-10-17T17:37:00+08:00,516053196.8,0,323104768,234012262.4,16601088,4075216896
2015-10-17T17:38:00+08:00,516080640,0,323105792,234012672,16601088,4075216896
2015-10-17T17:39:00+08:00,516052036.27,0,323104768,234012672,16601088,4075216896
2015-10-17T17:40:00+08:00,516080093.87,0,323106338.13,234012672,16601088,4075216896
2015-10-17T17:41:00+08:00,516078592,0,323105177.6,234015334.4,16601088,4075216896
2015-10-17T17:42:00+08:00,516130133.33,0,323103402.67,234016768,16601088,4075216896
2015-10-17T17:43:00+08:00,842017041.07,0,340395349.33,234016768,16601088,4075216896
2015-10-17T17:44:00+08:00,937370965.33,0,342259712,234016768,16601088,4075216896
2015-10-17T17:45:00+08:00,957053269.33,0,342269952,234016768,16601088,4075216896
2015-10-17T17:46:00+08:00,939047321.6,0,342275891.2,234016768,16601088,4075216896
2015-10-17T17:47:00+08:00,911671910.4,0,342274048,234016768,16601088,4075216896
2015-10-17T17:48:00+08:00,877948586.67,0,342276778.67,234016768,16601088,4075216896
2015-10-17T17:49:00+08:00,999046621.87,0,342285653.33,234016768,16601088,4075216896
2015-10-17T17:50:00+08:00,1017552691.2,0,342288998.4,234016768,16601088,4075216896
2015-10-17T17:51:00+08:00,1032620714.7,0,342290432,234016768,16601088,4075216896
2015-10-17T17:52:00+08:00,1058783300.3,0,342293094.4,234016768,16601088,4075216896
2015-10-17T17:53:00+08:00,1075249083.7,0,342297053.87,234016768,16601088,4075216896
2015-10-17T17:54:00+08:00,1120999082.7,0,342298624,234020386.13,16601088,4075216896
2015-10-17T17:55:00+08:00,1166915652.3,0,342302173.87,234020864,16601088,4075216896
2015-10-17T17:56:00+08:00,1196716032,0,342302720,234020864,16601088,4075216896
2015-10-17T17:57:00+08:00,1228935714.1,0,342305245.87,234020864,16601088,4075216896
2015-10-17T17:58:00+08:00,1258017109.3,0,342306816,234020864,16601088,4075216896
2015-10-17T17:59:00+08:00,1283251473.1,0,342309410.13,234020864,16601088,4075216896
2015-10-17T18:00:00+08:00,1352187904,0,342310912,234020864,16601088,4075216896
2015-10-17T18:01:00+08:00,1427034248.5,0,342313437.87,234020864,16601088,4075216896
2015-10-17T18:02:00+08:00,1467587720.5,0,342315008,234024482.13,16601088,4075216896
2015-10-17T18:03:00+08:00,1514155076.3,0,342317465.6,234024960,16601088,4075216896
2015-10-17T18:04:00+08:00,1528541866.7,0,342319104,234024960,16601088,4075216896
2015-10-17T18:05:00+08:00,1529620548.3,0,342321561.6,234024960,16601088,4075216896
2015-10-17T18:06:00+08:00,1530309905.1,0,342323200,234024960,16601088,4075216896
2015-10-17T18:07:00+08:00,1530277205.3,0,342325862.4,234024960,16601088,4075216896
2015-10-17T18:08:00+08:00,1531049984,0,342329958.4,234024960,16601088,4075216896
2015-10-17T18:09:00+08:00,1531952742.4,0,342334054.4,234024960,16601088,4075216896
2015-10-17T18:10:00+08:00,1532142933.3,0,342339584,234024960,16601088,4075216896
2015-10-17T18:11:00+08:00,1532866628.3,0,342345181.87,234024960,16601088,4075216896
2015-10-17T18:12:00+08:00,1530674722.1,0,342347776,234024960,16601088,4075216896
2015-10-17T18:13:00+08:00,1531457126.4,0,342349346.13,234024960,16601088,4075216896
2015-10-17T18:14:00+08:00,1530210304,0,342351872,234024960,16601088,4075216896
2015-10-17T18:15:00+08:00,1531758114.1,0,342353373.87,234024960,16601088,4075216896
2015-10-17T18:16:00+08:00,1532976469.3,0,342355968,234024960,16601088,4075216896
2015-10-17T18:17:00+08:00,1532510822.4,0,342356650.67,234024960,16601088,4075216896
2015-10-17T18:18:00+08:00,1531193548.8,0,342360064,234024960,16601088,4075216896
2015-10-17T18:19:00+08:00,1532749960.5,0,342362658.13,234024960,16601088,4075216896
2015-10-17T18:20:00+08:00,1541656712.5,0,342364160,234024960,16601088,4075216896
2015-10-17T18:21:00+08:00,1540631756.8,0,342366754.13,234024960,16601088,4075216896
2015-10-17T18:22:00+08:00,1541551445.3,0,342368256,234024960,16601088,4075216896
2015-10-17T18:23:00+08:00,1541901653.3,0,342369962.67,234024960,16601088,4075216896
2015-10-17T18:24:00+08:00,1542224076.8,0,342372352,234024960,16601088,4075216896
2015-10-17T18:25:00+08:00,1541520861.9,0,342375082.67,234024960,16601088,4075216896
2015-10-17T18:26:00+08:00,1538752648.5,0,342377267.2,234024960,16601088,4075216896
2015-10-17T18:27:00+08:00,1539874406.4,0,342380544,234024960,16601088,4075216896
2015-10-17T18:28:00+08:00,1544280814.9,0,342381363.2,234025779.2,16601088,4075216896
2015-10-17T18:29:00+08:00,1543734476.8,0,342384640,234032742.4,16601088,4075216896
2015-10-17T18:30:00+08:00,1543501414.4,0,342388326.4,234037248,16601088,4075216896
2015-10-17T18:31:00+08:00,1544316928,0,342392832,234038135.47,16601088,4075216896
2015-10-17T18:32:00+08:00,1543911833.6,0,342396654.93,234041344,16601088,4075216896
2015-10-17T18:33:00+08:00,1543789363.2,0,342406758.4,234041344,16601088,4075216896
2015-10-17T18:34:00+08:00,1543863705.6,0,342409216,234041344,16601088,4075216896
2015-10-17T18:35:00+08:00,1544505207.5,0,342412151.47,234041344,16601088,4075216896
2015-10-17T18:36:00+08:00,1543483596.8,0,342413312,234041344,16601088,4075216896
2015-10-17T18:37:00+08:00,1546332228.3,0,342415291.73,234041344,16601088,4075216896
2015-10-17T18:38:00+08:00,1544362188.8,0,342417408,234041344,16601088,4075216896
2015-10-17T18:39:00+08:00,1542645623.5,0,342420275.2,234041344,16601088,4075216896
2015-10-17T18:40:00+08:00,1546264029.9,0,342421504,234041344,16601088,4075216896
2015-10-17T18:41:00+08:00,1545086976,0,342424371.2,234041344,16601088,4075216896
2015-10-17T18:42:00+08:00,1543789431.5,0,342425600,234041344,16601088,4075216896
2015-10-17T18:43:00+08:00,1115704251.7,0,334488917.33,234041344,16601088,4075216896
2015-10-17T18:44:00+08:00,762936729.6,0,336550707.2,234041344,16601088,4075216896
2015-10-17T18:45:00+08:00,929198967.47,0,342503287.47,234044211.2,16601088,4075216896
2015-10-17T18:46:00+08:00,966890700.8,0,342546432,234049126.4,16601088,4075216896
2015-10-17T18:47:00+08:00,950578722.13,0,342547251.2,234053632,16601088,4075216896
2015-10-17T18:48:00+08:00,925013128.53,0,342548480,234053632,16601088,4075216896
2015-10-17T18:49:00+08:00,897941504,0,342552985.6,234053632,16601088,4075216896
2015-10-17T18:50:00+08:00,1001515554.1,0,342562542.93,234053632,16601088,4075216896
2015-10-17T18:51:00+08:00,1029767577.6,0,342564864,234053632,16601088,4075216896
2015-10-17T18:52:00+08:00,1059865804.8,0,342566707.2,234053632,16601088,4075216896
2015-10-17T18:53:00+08:00,1078452838.4,0,342568960,234053632,16601088,4075216896
2015-10-17T18:54:00+08:00,1089728443.7,0,342570666.67,234053632,16601088,4075216896
2015-10-17T18:55:00+08:00,1120697890.1,0,342573056,234053632,16601088,4075216896
2015-10-17T18:56:00+08:00,1169761484.8,0,342574830.93,234053632,16601088,4075216896
2015-10-17T18:57:00+08:00,1224911872,0,342577152,234053632,16601088,4075216896
2015-10-17T18:58:00+08:00,1257299490.1,0,342578995.2,234053632,16601088,4075216896
2015-10-17T18:59:00+08:00,1293714227.2,0,342581248,234053632,16601088,4075216896
2015-10-17T19:00:00+08:00,1345812070.4,0,342583022.93,234053632,16601088,4075216896
2015-10-17T19:01:00+08:00,1439676211.2,0,342585344,234053632,16601088,4075216896
2015-10-17T19:02:00+08:00,1518663543.5,0,342587050.67,234053632,16601088,4075216896
2015-10-17T19:03:00+08:00,1520420522.7,0,342589440,234053632,16601088,4075216896
2015-10-17T19:04:00+08:00,1522472345.6,0,342591283.2,234053632,16601088,4075216896
2015-10-17T19:05:00+08:00,1522801868.8,0,342595379.2,234053632,16601088,4075216896
2015-10-17T19:06:00+08:00,1521716633.6,0,342597632,234053632,16601088,4075216896
2015-10-17T19:07:00+08:00,1521549175.5,0,342599475.2,234053632,16601088,4075216896
2015-10-17T19:08:00+08:00,1523552460.8,0,342601728,234053632,16601088,4075216896
2015-10-17T19:09:00+08:00,1524785425.1,0,342603366.4,234058001.07,16601088,4075216896
2015-10-17T19:10:00+08:00,1526339106.1,0,342605824,234061824,16601088,4075216896
2015-10-17T19:11:00+08:00,1526610056.5,0,342608964.27,234061824,16601088,4075216896
2015-10-17T19:12:00+08:00,1527822131.2,0,342616610.13,234061824,16601088,4075216896
2015-10-17T19:13:00+08:00,1530111658.7,0,342624665.6,234061824,16601088,4075216896
2015-10-17T19:14:00+08:00,1530762513.1,0,342630946.13,234061824,16601088,4075216896
2015-10-17T19:15:00+08:00,1529757900.8,0,342634496,234061824,16601088,4075216896
2015-10-17T19:16:00+08:00,1529691477.3,0,342636134.4,234061824,16601088,4075216896
2015-10-17T19:17:00+08:00,1529273548.8,0,342638592,234061824,16601088,4075216896
2015-10-17T19:18:00+08:00,1528568832,0,342640162.13,234061824,16601088,4075216896
2015-10-17T19:19:00+08:00,1529812445.9,0,342642688,234061824,16601088,4075216896
2015-10-17T19:20:00+08:00,1527407001.6,0,342643302.4,234061824,16601088,4075216896
2015-10-17T19:21:00+08:00,1528019217.1,0,342646784,234061824,16601088,4075216896
2015-10-17T19:22:00+08:00,1531830613.3,0,342649378.13,234061824,16601088,4075216896
2015-10-17T19:23:00+08:00,1534013781.3,0,342650880,234063530.67,16601088,4075216896
2015-10-17T19:24:00+08:00,1532537378.1,0,342653542.4,234065920,16601088,4075216896
2015-10-17T19:25:00+08:00,1543649211.7,0,342654976,234065920,16601088,4075216896
2015-10-17T19:26:00+08:00,1568290065.1,0,342657501.87,234065920,16601088,4075216896
2015-10-17T19:27:00+08:00,1523166822.4,0,342659072,234065920,16601088,4075216896
2015-10-17T19:28:00+08:00,655534353.07,0,326120243.2,234069469.87,16601088,4075216896
2015-10-17T19:29:00+08:00,521845555.2,0,323575808,234070016,16601088,4075216896
2015-10-17T19:30:00+08:00,521646762.67,0,323575808,234070016,16601088,4075216896
2015-10-17T19:31:00+08:00,521527705.6,0,323575808,234070016,16601088,4075216896
2015-10-17T19:32:00+08:00,521419776,0,323575808,234070016,16601088,4075216896
2015-10-17T19:33:00+08:00,834132241.07,0,340561100.8,234070016,16601088,4075216896
2015-10-17T19:34:00+08:00,927647744,0,342740377.6,234070016,16601088,4075216896
2015-10-17T19:35:00+08:00,948901751.47,0,342749184,234070630.4,16601088,4075216896
2015-10-17T19:36:00+08:00,926720887.47,0,342752870.4,234074112,16601088,4075216896
2015-10-17T19:37:00+08:00,898912051.2,0,342753280,234074112,16601088,4075216896
2015-10-17T19:38:00+08:00,865760733.87,0,342757102.93,234074112,16601088,4075216896
2015-10-17T19:39:00+08:00,1016907912.5,0,342765021.87,234074112,16601088,4075216896
2015-10-17T19:40:00+08:00,1051766510.9,0,342768298.67,234074112,16601088,4075216896
2015-10-17T19:41:00+08:00,1075162862.9,0,342772462.93,234074112,16601088,4075216896
2015-10-17T19:42:00+08:00,1080821555.2,0,342773760,234074112,16601088,4075216896
2015-10-17T19:43:00+08:00,1086541550.9,0,342776558.93,234074112,16601088,4075216896
2015-10-17T19:44:00+08:00,1028584925.9,0,339931340.8,234074112,16601088,4075216896
2015-10-17T19:45:00+08:00,521806643.2,0,323737190.4,234074112,16601088,4075216896
2015-10-17T19:46:00+08:00,521512413.87,0,323725243.73,234074112,16601088,4075216896
2015-10-17T19:47:00+08:00,521495620.27,0,323723264,234074112,16601088,4075216896
2015-10-17T19:48:00+08:00,521502583.47,0,323723264,234074112,16601088,4075216896
2015-10-17T19:49:00+08:00,521484288,0,323724288,234074112,16601088,4075216896
2015-10-17T19:50:00+08:00,521487428.27,0,323723264,234074112,16601088,4075216896
2015-10-17T19:51:00+08:00,642283110.4,0,332104294.4,234074112,16601088,4075216896
2015-10-17T19:52:00+08:00,945214327.47,0,342548275.2,234074112,16601088,4075216896
2015-10-17T19:53:00+08:00,952389905.07,0,342599270.4,234074112,16601088,4075216896
2015-10-17T19:54:00+08:00,890845593.6,0,342606779.73,234074112,16601088,4075216896
2015-10-17T19:55:00+08:00,885524616.53,0,342611694.93,234074112,16601088,4075216896
2015-10-17T19:56:00+08:00,928395468.8,0,342623846.4,234074112,16601088,4075216896
2015-10-17T19:57:00+08:00,1095123694.9,0,342647603.2,234074112,16601088,4075216896
2015-10-17T19:58:00+08:00,1159229371.7,0,342652654.93,234074112,16601088,4075216896
2015-10-17T19:59:00+08:00,1208469913.6,0,342663850.67,234074112,16601088,4075216896
2015-10-17T20:00:00+08:00,1246178304,0,342669107.2,234074112,16601088,4075216896
2015-10-17T20:01:00+08:00,1279083520,0,342676070.4,234074112,16601088,4075216896
2015-10-17T20:02:00+08:00,1336870161.1,0,342682214.4,234074112,16601088,4075216896
2015-10-17T20:03:00+08:00,1373022344.5,0,342689245.87,234074112,16601088,4075216896
2015-10-17T20:04:00+08:00,1406994432,0,342696755.2,234074112,16601088,4075216896
2015-10-17T20:05:00+08:00,1443808119.5,0,342701806.93,234074112,16601088,4075216896
2015-10-17T20:06:00+08:00,1480016486.4,0,342711910.4,234074931.2,16601088,4075216896
2015-10-17T20:07:00+08:00,1499579118.9,0,342717303.47,234079095.47,16601088,4075216896
2015-10-17T20:08:00+08:00,1500494370.1,0,342722423.47,234082304,16601088,4075216896
2015-10-17T20:09:00+08:00,1500019165.9,0,342730683.73,234082304,16601088,4075216896
2015-10-17T20:10:00+08:00,1499955131.7,0,342736827.73,234082304,16601088,4075216896
2015-10-17T20:11:00+08:00,1500622574.9,0,342744951.47,234082304,16601088,4075216896
2015-10-17T20:12:00+08:00,1500732416,0,342753280,234082304,16601088,4075216896
2015-10-17T20:13:00+08:00,1502164718.9,0,342762427.73,234082304,16601088,4075216896
2015-10-17T20:14:00+08:00,1502727031.5,0,342769595.73,234082304,16601088,4075216896
2015-10-17T20:15:00+08:00,1502676992,0,342775808,234082304,16601088,4075216896
2015-10-17T20:16:00+08:00,1503845512.5,0,342786116.27,234082304,16601088,4075216896
2015-10-17T20:17:00+08:00,1505159031.5,0,342795195.73,234082304,16601088,4075216896
2015-10-17T20:18:00+08:00,1509086276.3,0,342803456,234082304,16601088,4075216896
2015-10-17T20:19:00+08:00,1513034137.6,0,342807620.27,234082304,16601088,4075216896
2015-10-17T20:20:00+08:00,1513474730.7,0,342815948.8,234082304,16601088,4075216896
2015-10-17T20:21:00+08:00,1512708232.5,0,342825096.53,234082440.53,16601088,4075216896
2015-10-17T20:22:00+08:00,1513496507.7,0,342830216.53,234086400,16601088,4075216896
2015-10-17T20:23:00+08:00,1515493717.3,0,342839364.27,234086400,16601088,4075216896
2015-10-17T20:24:00+08:00,1515047936,0,342847488,234090496,16601088,4075216896
2015-10-17T20:25:00+08:00,1515709166.9,0,342855748.27,234090496,16601088,4075216896
2015-10-17T20:26:00+08:00,1516657868.8,0,342863462.4,234090496,16601088,4075216896
2015-10-17T20:27:00+08:00,1516240281.6,0,342871586.13,234090496,16601088,4075216896
2015-10-17T20:28:00+08:00,1516942336,0,342879232,234090496,16601088,4075216896
2015-10-17T20:29:00+08:00,1517214378.7,0,342885444.27,234090496,16601088,4075216896
2015-10-17T20:30:00+08:00,1517513181.9,0,342891656.53,234090496,16601088,4075216896
2015-10-17T20:31:00+08:00,1517507106.1,0,342899780.27,234090496,16601088,4075216896
2015-10-17T20:32:00+08:00,1517380130.1,0,342905924.27,234090496,16601088,4075216896
2015-10-17T20:33:00+08:00,1518261248,0,342915072,234090496,16601088,4075216896
2015-10-17T20:34:00+08:00,1519163255.5,0,342921420.8,234090496,16601088,4075216896
2015-10-17T20:35:00+08:00,1518697676.8,0,342930705.07,234090496,16601088,4075216896
2015-10-17T20:36:00+08:00,1519461444.3,0,342936644.27,234090496,16601088,4075216896
2015-10-17T20:37:00+08:00,1519328529.1,0,342947703.47,234091451.73,16601088,4075216896
2015-10-17T20:38:00+08:00,1519858278.4,0,342952891.73,234098688,16601088,4075216896
2015-10-17T20:39:00+08:00,1519834453.3,0,342960264.53,234102784,16601088,4075216896
2015-10-17T20:40:00+08:00,1520421000.5,0,342968320,234102784,16601088,4075216896
2015-10-17T20:41:00+08:00,1520636928,0,342973440,234102784,16601088,4075216896
2015-10-17T20:42:00+08:00,1521958092.8,0,342985659.73,234102784,16601088,4075216896
2015-10-17T20:43:00+08:00,1521612390.4,0,342989892.27,234102784,16601088,4075216896
2015-10-17T20:44:00+08:00,1522026632.5,0,342997606.4,234105924.27,16601088,4075216896
2015-10-17T20:45:00+08:00,1522633659.7,0,343004706.13,234106880,16601088,4075216896
2015-10-17T20:46:00+08:00,1523337966.9,0,343013307.73,234106880,16601088,4075216896
2015-10-17T20:47:00+08:00,1523767637.3,0,343021431.47,234106880,16601088,4075216896
2015-10-17T20:48:00+08:00,1523993122.1,0,343027643.73,234107767.47,16601088,4075216896
2015-10-17T20:49:00+08:00,1523822728.5,0,343035767.47,234110976,16601088,4075216896
2015-10-17T20:50:00+08:00,1524123101.9,0,343042935.47,234110976,16601088,4075216896
2015-10-17T20:51:00+08:00,1524651008,0,343051127.47,234110976,16601088,4075216896
2015-10-17T20:52:00+08:00,857346252.8,0,333612305.07,234110976,16601088,4075216896
2015-10-17T20:53:00+08:00,940686813.87,0,343011191.47,234110976,16601088,4075216896
2015-10-17T20:54:00+08:00,958662519.47,0,343113591.47,234110976,16601088,4075216896
2015-10-17T20:55:00+08:00,876051797.33,0,343121646.93,234110976,16601088,4075216896
2015-10-17T20:56:00+08:00,839176123.73,0,343125947.73,234112887.47,16601088,4075216896
2015-10-17T20:57:00+08:00,885560320,0,343133934.93,234115072,16601088,4075216896
2015-10-17T20:58:00+08:00,1077044155.7,0,343161924.27,234115072,16601088,4075216896
2015-10-17T20:59:00+08:00,1138791970.1,0,343170662.4,234115072,16601088,4075216896
2015-10-17T21:00:00+08:00,1182506598.4,0,343178990.93,234115072,16601088,4075216896
2015-10-17T21:01:00+08:00,1220580215.5,0,343183086.93,234115072,16601088,4075216896
2015-10-17T21:02:00+08:00,1244237004.8,0,343191142.4,234115072,16601088,4075216896
2015-10-17T21:03:00+08:00,1286575718.4,0,343199061.33,234115072,16601088,4075216896
2015-10-17T21:04:00+08:00,1321706222.9,0,343205683.2,234115072,16601088,4075216896
2015-10-17T21:05:00+08:00,1360986658.1,0,343211895.47,234115072,16601088,4075216896
2015-10-17T21:06:00+08:00,1393533815.5,0,343218858.67,234115072,16601088,4075216896
2015-10-17T21:07:00+08:00,1426226107.7,0,343228006.4,234115959.47,16601088,4075216896
2015-10-17T21:08:00+08:00,1448837802.7,0,343233262.93,234119168,16601088,4075216896
2015-10-17T21:09:00+08:00,1489901841.1,0,343240567.47,234119168,16601088,4075216896
2015-10-17T21:10:00+08:00,1505639219.2,0,343249305.6,234119168,16601088,4075216896
2015-10-17T21:11:00+08:00,1507337830.4,0,343259682.13,234119168,16601088,4075216896
2015-10-17T21:12:00+08:00,1508174984.5,0,343265826.13,234122990.93,16601088,4075216896
2015-10-17T21:13:00+08:00,1508945510.4,0,343273267.2,234123264,16601088,4075216896
2015-10-17T21:14:00+08:00,1508949128.5,0,343280981.33,234123264,16601088,4075216896
2015-10-17T21:15:00+08:00,1510574080,0,343290470.4,234123264,16601088,4075216896
2015-10-17T21:16:00+08:00,1510376652.8,0,343298662.4,234123264,16601088,4075216896
2015-10-17T21:17:00+08:00,1510350574.9,0,343306854.4,234123264,16601088,4075216896
2015-10-17T21:18:00+08:00,1510167074.1,0,343313203.2,234123264,16601088,4075216896
2015-10-17T21:19:00+08:00,1511319005.9,0,343323921.07,234123264,16601088,4075216896
2015-10-17T21:20:00+08:00,1510825437.9,0,343330269.87,234123264,16601088,4075216896
2015-10-17T21:21:00+08:00,1510140040.5,0,343339417.6,234123264,16601088,4075216896
2015-10-17T21:22:00+08:00,1513885832.5,0,343347131.73,234123264,16601088,4075216896
2015-10-17T21:23:00+08:00,1520328908.8,0,343357030.4,234123264,16601088,4075216896
2015-10-17T21:24:00+08:00,1520832921.6,0,343363925.33,234123264,16601088,4075216896
2015-10-17T21:25:00+08:00,1522548872.5,0,343372185.6,234123264,16601088,4075216896
2015-10-17T21:26:00+08:00,1522341956.3,0,343379558.4,234123264,16601088,4075216896
2015-10-17T21:27:00+08:00,1522625467.7,0,343384883.2,234123264,16601088,4075216896
2015-10-17T21:28:00+08:00,1522529621.3,0,343392733.87,234123264,16601088,4075216896
2015-10-17T21:29:00+08:00,1522327620.3,0,343399082.67,234123264,16601088,4075216896
2015-10-17T21:30:00+08:00,1522955195.7,0,343407342.93,234123264,16601088,4075216896
2015-10-17T21:31:00+08:00,1523804160,0,343415671.47,234123264,16601088,4075216896
2015-10-17T21:32:00+08:00,1524384972.8,0,343423795.2,234123264,16601088,4075216896
2015-10-17T21:33:00+08:00,1524598988.8,0,343432055.47,234123264,16601088,4075216896
2015-10-17T21:34:00+08:00,1523999539.2,0,343439223.47,234123264,16601088,4075216896
2015-10-17T21:35:00+08:00,1525426312.5,0,343445572.27,234123264,16601088,4075216896
2015-10-17T21:36:00+08:00,1525804509.9,0,343455880.53,234123264,16601088,4075216896
2015-10-17T21:37:00+08:00,1525916535.5,0,343461956.27,234123264,16601088,4075216896
2015-10-17T21:38:00+08:00,1527333410.1,0,343469260.8,234123264,16601088,4075216896
2015-10-17T21:39:00+08:00,1527086762.7,0,343476497.07,234123264,16601088,4075216896
2015-10-17T21:40:00+08:00,1527862613.3,0,343485644.8,234123264,16601088,4075216896
2015-10-17T21:41:00+08:00,1527774890.7,0,343491788.8,234123264,16601088,4075216896
2015-10-17T21:42:00+08:00,1527797964.8,0,343499161.6,234123264,16601088,4075216896
2015-10-17T21:43:00+08:00,1528069461.3,0,343505373.87,234123264,16601088,4075216896
2015-10-17T21:44:00+08:00,1528429158.4,0,343513429.33,234123264,16601088,4075216896
2015-10-17T21:45:00+08:00,1529837636.3,0,343521143.47,234123264,16601088,4075216896
2015-10-17T21:46:00+08:00,1530151526.4,0,343531997.87,234123264,16601088,4075216896
2015-10-17T21:47:00+08:00,1531122346.7,0,343538005.33,234123264,16601088,4075216896
2015-10-17T21:48:00+08:00,1530968746.7,0,343547289.6,234123264,16601088,4075216896
2015-10-17T21:49:00+08:00,1532093166.9,0,343558417.07,234123264,16601088,4075216896
2015-10-17T21:50:00+08:00,1532831744,0,343565380.27,234123264,16601088,4075216896
2015-10-17T21:51:00+08:00,1532907520,0,343572480,234123264,16601088,4075216896
2015-10-17T21:52:00+08:00,1533290496,0,343579648,234123264,16601088,4075216896
2015-10-17T21:53:00+08:00,1043293184,0,334497655.47,234123264,16601088,4075216896
2015-10-17T21:54:00+08:00,907583419.73,0,343502506.67,234123264,16601088,4075216896
2015-10-17T21:55:00+08:00,968697719.47,0,343643545.6,234123264,16601088,4075216896
2015-10-17T21:56:00+08:00,896762060.8,0,343652488.53,234123264,16601088,4075216896
2015-10-17T21:57:00+08:00,821027430.4,0,343657608.53,234123264,16601088,4075216896
2015-10-17T21:58:00+08:00,847125094.4,0,343665732.27,234124288,16601088,4075216896
2015-10-17T21:59:00+08:00,892828672,0,343669760,234127360,16601088,4075216896
2015-10-17T22:00:00+08:00,1079774890.7,0,343697954.13,234127360,16601088,4075216896
2015-10-17T22:01:00+08:00,1134165060.3,0,343706624,234127428.27,16601088,4075216896
2015-10-17T22:02:00+08:00,1171052748.8,0,343713928.53,234131456,16601088,4075216896
2015-10-17T22:03:00+08:00,1202405922.1,0,343718912,234131456,16601088,4075216896
2015-10-17T22:04:00+08:00,1233893717.3,0,343726967.47,234135483.73,16601088,4075216896
2015-10-17T22:05:00+08:00,1263304499.2,0,343733998.93,234138487.47,16601088,4075216896
2015-10-17T22:06:00+08:00,1292487065.6,0,343739255.47,234139648,16601088,4075216896
2015-10-17T22:07:00+08:00,1320475511.5,0,343747106.13,234139648,16601088,4075216896
2015-10-17T22:08:00+08:00,1356381388.8,0,343754342.4,234141491.2,16601088,4075216896
2015-10-17T22:09:00+08:00,1386568908.8,0,343763558.4,234147635.2,16601088,4075216896
2015-10-17T22:10:00+08:00,1414251861.3,0,343767927.47,234147840,16601088,4075216896
2015-10-17T22:11:00+08:00,1443103744,0,343774958.93,234147840,16601088,4075216896
2015-10-17T22:12:00+08:00,1460944691.2,0,343783014.4,234147840,16601088,4075216896
2015-10-17T22:13:00+08:00,1482363426.1,0,343791342.93,234147840,16601088,4075216896
2015-10-17T22:14:00+08:00,1497600000,0,343800354.13,234147840,16601088,4075216896
2015-10-17T22:15:00+08:00,1506674892.8,0,343806429.87,234147840,16601088,4075216896
2015-10-17T22:16:00+08:00,1513317990.4,0,343812778.67,234147840,16601088,4075216896
2015-10-17T22:17:00+08:00,1515735449.6,0,343822267.73,234147840,16601088,4075216896
2015-10-17T22:18:00+08:00,1516618615.5,0,343830732.8,234147840,16601088,4075216896
2015-10-17T22:19:00+08:00,1517049241.6,0,343839675.73,234147840,16601088,4075216896
2015-10-17T22:20:00+08:00,1517292748.8,0,343847594.67,234147840,16601088,4075216896
2015-10-17T22:21:00+08:00,1517871923.2,0,343855308.8,234147840,16601088,4075216896
2015-10-17T22:22:00+08:00,1518668117.3,0,343863637.33,234147840,16601088,4075216896
2015-10-17T22:23:00+08:00,1518888618.7,0,343871829.33,234147840,16601088,4075216896
2015-10-17T22:24:00+08:00,1520859818.7,0,343878997.33,234147840,16601088,4075216896
2015-10-17T22:25:00+08:00,1521817258.7,0,343886165.33,234147840,16601088,4075216896
2015-10-17T22:26:00+08:00,1522215936,0,343895244.8,234151526.4,16601088,4075216896
2015-10-17T22:27:00+08:00,1521983488,0,343902276.27,234151936,16601088,4075216896
2015-10-17T22:28:00+08:00,1523159722.7,0,343910331.73,234151936,16601088,4075216896
2015-10-17T22:29:00+08:00,1523697937.1,0,343918523.73,234151936,16601088,4075216896
2015-10-17T22:30:00+08:00,1523162316.8,0,343925828.27,234151936,16601088,4075216896
2015-10-17T22:31:00+08:00,1524421768.5,0,343933474.13,234151936,16601088,4075216896
2015-10-17T22:32:00+08:00,1524993501.9,0,343937570.13,234151936,16601088,4075216896
2015-10-17T22:33:00+08:00,1524713813.3,0,343946376.53,234151936,16601088,4075216896
2015-10-17T22:34:00+08:00,1524965307.7,0,343953408,234151936,16601088,4075216896
2015-10-17T22:35:00+08:00,1526197521.1,0,343960985.6,234151936,16601088,4075216896
2015-10-17T22:36:00+08:00,1526773964.8,0,343970201.6,234151936,16601088,4075216896
2015-10-17T22:37:00+08:00,1527023820.8,0,343977301.33,234153437.87,16601088,4075216896
2015-10-17T22:38:00+08:00,1527795712,0,343986585.6,234156032,16601088,4075216896
2015-10-17T22:39:00+08:00,1527954909.9,0,343993139.2,234156032,16601088,4075216896
2015-10-17T22:40:00+08:00,1528322116.3,0,344001262.93,234156032,16601088,4075216896
2015-10-17T22:41:00+08:00,1528969079.5,0,344007065.6,234156032,16601088,4075216896
2015-10-17T22:42:00+08:00,1529181252.3,0,344017851.73,234156032,16601088,4075216896
2015-10-17T22:43:00+08:00,1529610922.7,0,344024405.33,234156032,16601088,4075216896
2015-10-17T22:44:00+08:00,1529852108.8,0,344030754.13,234156032,16601088,4075216896
2015-10-17T22:45:00+08:00,1530074658.1,0,344037853.87,234156032,16601088,4075216896
2015-10-17T22:46:00+08:00,1529913821.9,0,344047069.87,234156032,16601088,4075216896
2015-10-17T22:47:00+08:00,1530194807.5,0,344055398.4,234156032,16601088,4075216896
2015-10-17T22:48:00+08:00,1530983424,0,344060245.33,234156032,16601088,4075216896
2015-10-17T22:49:00+08:00,1530938368,0,344067754.67,234156032,16601088,4075216896
2015-10-17T22:50:00+08:00,1531180509.9,0,344074990.93,234156441.6,16601088,4075216896
2015-10-17T22:51:00+08:00,1532295031.5,0,344080657.07,234160128,16601088,4075216896
2015-10-17T22:52:00+08:00,1532198297.6,0,344087005.87,234160128,16601088,4075216896
2015-10-17T22:53:00+08:00,1533323537.1,0,344096085.33,234160128,16601088,4075216896
2015-10-17T22:54:00+08:00,1244716509.9,0,338779750.4,234160128,16601088,4075216896
2015-10-17T22:55:00+08:00,766397781.33,0,339930453.33,234163336.53,16601088,4075216896
2015-10-17T22:56:00+08:00,968772403.2,0,344169949.87,234164224,16601088,4075216896
2015-10-17T22:57:00+08:00,931815014.4,0,344197324.8,234164224,16601088,4075216896
2015-10-17T22:58:00+08:00,852530585.6,0,344203673.6,234164224,16601088,4075216896
2015-10-17T22:59:00+08:00,849858355.2,0,344209817.6,234164224,16601088,4075216896
2015-10-17T23:00:00+08:00,900490035.2,0,344215756.8,234164224,16601088,4075216896
2015-10-17T23:01:00+08:00,1083346739.2,0,344244770.13,234164224,16601088,4075216896
2015-10-17T23:02:00+08:00,1151655526.4,0,344250845.87,234164224,16601088,4075216896
2015-10-17T23:03:00+08:00,1199024810.7,0,344258696.53,234164224,16601088,4075216896
2015-10-17T23:04:00+08:00,1230380782.9,0,344264977.07,234164224,16601088,4075216896
2015-10-17T23:05:00+08:00,1261707195.7,0,344272145.07,234164224,16601088,4075216896
2015-10-17T23:06:00+08:00,1291235191.5,0,344279176.53,234164224,16601088,4075216896
2015-10-17T23:07:00+08:00,1328170461.9,0,344284706.13,234164224,16601088,4075216896
2015-10-17T23:08:00+08:00,1361302186.7,0,344293785.6,234164224,16601088,4075216896
2015-10-17T23:09:00+08:00,1379120605.9,0,344300270.93,234164224,16601088,4075216896
2015-10-17T23:10:00+08:00,1410132787.2,0,344308121.6,234164224,16601088,4075216896
2015-10-17T23:11:00+08:00,1432149333.3,0,344314538.67,234164224,16601088,4075216896
2015-10-17T23:12:00+08:00,1457354752,0,344323754.67,234164224,16601088,4075216896
2015-10-17T23:13:00+08:00,1479005047.5,0,344328533.33,234164224,16601088,4075216896
2015-10-17T23:14:00+08:00,1497260373.3,0,344336384,234164224,16601088,4075216896
2015-10-17T23:15:00+08:00,1516134946.1,0,344345258.67,234164224,16601088,4075216896
2015-10-17T23:16:00+08:00,1516691387.7,0,344353382.4,234164224,16601088,4075216896
2015-10-17T23:17:00+08:00,1517504307.2,0,344361233.07,234164224,16601088,4075216896
2015-10-17T23:18:00+08:00,1516999953.1,0,344368537.6,234164224,16601088,4075216896
2015-10-17T23:19:00+08:00,1518932172.8,0,344379801.6,234164224,16601088,4075216896
2015-10-17T23:20:00+08:00,1518857966.9,0,344386901.33,234164224,16601088,4075216896
2015-10-17T23:21:00+08:00,1519106525.9,0,344393864.53,234164224,16601088,4075216896
2015-10-17T23:22:00+08:00,1519527731.2,0,344399189.33,234164224,16601088,4075216896
2015-10-17T23:23:00+08:00,1520934161.1,0,344411272.53,234164224,16601088,4075216896
2015-10-17T23:24:00+08:00,1521429026.1,0,344416529.07,234164224,16601088,4075216896
2015-10-17T23:25:00+08:00,1522321271.5,0,344425676.8,234164224,16601088,4075216896
2015-10-17T23:26:00+08:00,1521133363.2,0,344432230.4,234164224,16601088,4075216896
2015-10-17T23:27:00+08:00,1522265497.6,0,344441992.53,234164224,16601088,4075216896
2015-10-17T23:28:00+08:00,1522128554.7,0,344450321.07,234166476.8,16601088,4075216896
2015-10-17T23:29:00+08:00,1524464503.5,0,344458444.8,234172416,16601088,4075216896
2015-10-17T23:30:00+08:00,1524891579.7,0,344463428.27,234172416,16601088,4075216896
2015-10-17T23:31:00+08:00,1524861201.1,0,344473736.53,234172416,16601088,4075216896
2015-10-17T23:32:00+08:00,1524636535.5,0,344479812.27,234172416,16601088,4075216896
2015-10-17T23:33:00+08:00,1526120174.9,0,344487048.53,234172416,16601088,4075216896
2015-10-17T23:34:00+08:00,1526526976,0,344494284.8,234172416,16601088,4075216896
2015-10-17T23:35:00+08:00,1526876296.5,0,344501452.8,234172416,16601088,4075216896
2015-10-17T23:36:00+08:00,1527064849.1,0,344511624.53,234172416,16601088,4075216896
2015-10-17T23:37:00+08:00,1527959278.9,0,344520226.13,234172416,16601088,4075216896
2015-10-17T23:38:00+08:00,1528627609.6,0,344527462.4,234172416,16601088,4075216896
2015-10-17T23:39:00+08:00,1528922931.2,0,344536064,234172416,16601088,4075216896
2015-10-17T23:40:00+08:00,1529404347.7,0,344542208,234173508.27,16601088,4075216896
2015-10-17T23:41:00+08:00,1529888153.6,0,344550468.27,234176512,16601088,4075216896
2015-10-17T23:42:00+08:00,1530015402.7,0,344559820.8,234176512,16601088,4075216896
2015-10-17T23:43:00+08:00,1531352814.9,0,344567125.33,234176512,16601088,4075216896
2015-10-17T23:44:00+08:00,1531137501.9,0,344575453.87,234176512,16601088,4075216896
2015-10-17T23:45:00+08:00,1531247274.7,0,344582417.07,234176512,16601088,4075216896
2015-10-17T23:46:00+08:00,1532473070.9,0,344589380.27,234176512,16601088,4075216896
2015-10-17T23:47:00+08:00,1531911304.5,0,344597913.6,234176512,16601088,4075216896
2015-10-17T23:48:00+08:00,1532678963.2,0,344605900.8,234176512,16601088,4075216896
2015-10-17T23:49:00+08:00,1532193382.4,0,344612044.8,234176512,16601088,4075216896
2015-10-17T23:50:00+08:00,1533617288.5,0,344621124.27,234176512,16601088,4075216896
2015-10-17T23:51:00+08:00,1534209160.5,0,344628224,234176512,16601088,4075216896
2015-10-17T23:52:00+08:00,1534341597.9,0,344638259.2,234176512,16601088,4075216896
2015-10-17T23:53:00+08:00,1534029141.3,0,344645154.13,234176512,16601088,4075216896
2015-10-17T23:54:00+08:00,1535286203.7,0,344655462.4,234176512,16601088,4075216896
2015-10-17T23:55:00+08:00,1537576413.9,0,344664132.27,234176512,16601088,4075216896
2015-10-17T23:56:00+08:00,688168345.6,0,334906094.93,234176512,16601088,4075216896
2015-10-17T23:57:00+08:00,963087018.67,0,344896989.87,234176512,16601088,4075216896
2015-10-17T23:58:00+08:00,959470660.27,0,344995703.47,234176512,16601088,4075216896
2015-10-17T23:59:00+08:00,883131528.53,0,345001574.4,234176512,16601088,4075216896
2015-10-18T00:00:00+08:00,824391884.8,0,345006899.2,234176512,16601088,4075216896
